{"stats":{"minecraft:crafted":{"minecraft:oak_planks":1044,"minecraft:emerald":85,"minecraft:cooked_porkchop":5,"minecraft:crafting_table":3,"minecraft:spruce_planks":244,"minecraft:wooden_pickaxe":1,"minecraft:furnace":1,"minecraft:birch_planks":108,"minecraft:cooked_mutton":7,"minecraft:air":0,"minecraft:diamond_helmet":1,"minecraft:diamond_leggings":1,"minecraft:shield":1,"minecraft:iron_axe":1,"minecraft:stick":2712,"minecraft:iron_ingot":3,"minecraft:iron_pickaxe":1,"minecraft:stone_pickaxe":1,"minecraft:wooden_axe":1,"minecraft:chest":1,"minecraft:diamond_boots":1,"minecraft:torch":8,"minecraft:diamond_chestplate":1},"minecraft:used":{"minecraft:cooked_mutton":2,"minecraft:stone_pickaxe":131,"minecraft:oak_planks":8,"minecraft:chest":1,"minecraft:wooden_pickaxe":9,"minecraft:diamond_axe":366,"minecraft:rotten_flesh":4,"minecraft:torch":2,"minecraft:dirt":1,"minecraft:crafting_table":3,"minecraft:wooden_axe":18,"minecraft:apple":3,"minecraft:bread":3,"minecraft:iron_axe":49,"minecraft:iron_pickaxe":237,"minecraft:spruce_sapling":12,"minecraft:furnace":1,"minecraft:cooked_porkchop":4,"minecraft:cobbled_deepslate":16,"minecraft:bone_meal":14},"minecraft:custom":{"minecraft:interact_with_furnace":17,"minecraft:mob_kills":34,"minecraft:traded_with_villager":89,"minecraft:interact_with_crafting_table":10,"minecraft:leave_game":8,"minecraft:time_since_death":112773,"minecraft:sleep_in_bed":4,"minecraft:time_since_rest":6231,"minecraft:sprint_one_cm":210719,"minecraft:damage_taken":556,"minecraft:walk_one_cm":181945,"minecraft:drop":28,"minecraft:damage_dealt":2385,"minecraft:swim_one_cm":10986,"minecraft:talked_to_villager":40,"minecraft:fly_one_cm":227814,"minecraft:open_chest":11,"minecraft:crouch_one_cm":10834,"minecraft:play_time":112773,"minecraft:sneak_time":6945,"minecraft:walk_under_water_one_cm":6335,"minecraft:jump":1041,"minecraft:interact_with_blast_furnace":1,"minecraft:walk_on_water_one_cm":16353,"minecraft:total_world_time":112773,"minecraft:fall_one_cm":23912},"minecraft:broken":{"minecraft:stone_pickaxe":1},"minecraft:dropped":{"minecraft:iron_ingot":1,"minecraft:bread":6,"minecraft:diamond_axe":1,"minecraft:emerald":1,"minecraft:poppy":2,"minecraft:wooden_axe":1,"minecraft:bone_meal":15,"minecraft:iron_axe":1},"minecraft:killed":{"minecraft:magma_cube":12,"minecraft:pig":5,"minecraft:sheep":13,"minecraft:zombie":3},"minecraft:picked_up":{"minecraft:birch_log":27,"minecraft:crafting_table":1,"minecraft:basalt":1,"minecraft:magma_cream":1,"minecraft:andesite":7,"minecraft:tuff":12,"minecraft:oak_log":261,"minecraft:dirt":14,"minecraft:raw_copper":8,"minecraft:apple":1,"minecraft:cobbled_deepslate":211,"minecraft:raw_gold":10,"minecraft:iron_ingot":5,"minecraft:poppy":2,"minecraft:birch_sapling":1,"minecraft:oak_planks":1,"minecraft:egg":2,"minecraft:stick":17,"minecraft:raw_iron":3,"minecraft:pumpkin":6,"minecraft:composter":1,"minecraft:torch":1,"minecraft:porkchop":12,"minecraft:spruce_sapling":51,"minecraft:spruce_log":61,"minecraft:redstone":27,"minecraft:rotten_flesh":7,"minecraft:diamond_axe":2,"minecraft:granite":12,"minecraft:bone_meal":29,"minecraft:emerald":8,"minecraft:bread":2,"minecraft:oak_sapling":14,"minecraft:mutton":20,"minecraft:coal":43,"minecraft:white_wool":13,"minecraft:cobblestone":64},"minecraft:mined":{"minecraft:podzol":4,"minecraft:deepslate_redstone_ore":7,"minecraft:tuff":12,"minecraft:spruce_planks":1,"minecraft:crafting_table":1,"minecraft:granite":12,"minecraft:short_grass":8,"minecraft:grass_block":4,"minecraft:tall_grass":1,"minecraft:copper_ore":3,"minecraft:cobblestone":5,"minecraft:spruce_leaves":2,"minecraft:deepslate_gold_ore":10,"minecraft:composter":1,"minecraft:oak_planks":1,"minecraft:birch_log":28,"minecraft:iron_ore":3,"minecraft:cobbled_deepslate":4,"minecraft:lilac":1,"minecraft:andesite":7,"minecraft:spruce_log":71,"minecraft:birch_leaves":5,"minecraft:pumpkin":6,"minecraft:oak_log":264,"minecraft:coal_ore":46,"minecraft:dirt":4,"minecraft:stone":59,"minecraft:oak_leaves":8,"minecraft:deepslate":208}},"DataVersion":3955}