{"stats":{"minecraft:used":{"minecraft:dirt":1},"minecraft:custom":{"minecraft:jump":41,"minecraft:time_since_rest":4767,"minecraft:damage_taken":50,"minecraft:leave_game":3,"minecraft:play_time":4767,"minecraft:sprint_one_cm":10475,"minecraft:time_since_death":4767,"minecraft:walk_on_water_one_cm":4613,"minecraft:walk_one_cm":9133,"minecraft:sneak_time":6,"minecraft:total_world_time":4767,"minecraft:walk_under_water_one_cm":1280,"minecraft:swim_one_cm":1242,"minecraft:fall_one_cm":1680,"minecraft:fly_one_cm":3226},"minecraft:picked_up":{"minecraft:dirt":1,"minecraft:birch_log":5},"minecraft:mined":{"minecraft:birch_log":5,"minecraft:grass_block":1,"minecraft:birch_leaves":5}},"DataVersion":3955}