{"stats":{"minecraft:crafted":{"minecraft:oak_planks":4,"minecraft:crafting_table":2,"minecraft:stick":8,"minecraft:wooden_pickaxe":1,"minecraft:wooden_axe":1,"minecraft:birch_planks":20},"minecraft:used":{"minecraft:wooden_axe":17,"minecraft:apple":3,"minecraft:bread":1,"minecraft:wooden_pickaxe":9,"minecraft:rotten_flesh":2,"minecraft:dirt":1,"minecraft:crafting_table":2},"minecraft:custom":{"minecraft:time_since_rest":24326,"minecraft:sprint_one_cm":53718,"minecraft:damage_taken":160,"minecraft:walk_one_cm":40843,"minecraft:mob_kills":2,"minecraft:drop":4,"minecraft:damage_dealt":228,"minecraft:interact_with_crafting_table":3,"minecraft:swim_one_cm":7991,"minecraft:fly_one_cm":55326,"minecraft:open_chest":2,"minecraft:crouch_one_cm":1894,"minecraft:play_time":24326,"minecraft:sneak_time":911,"minecraft:walk_under_water_one_cm":2212,"minecraft:jump":244,"minecraft:leave_game":3,"minecraft:time_since_death":24326,"minecraft:walk_on_water_one_cm":6675,"minecraft:total_world_time":24326,"minecraft:fall_one_cm":5500},"minecraft:dropped":{"minecraft:bread":4},"minecraft:killed":{"minecraft:pig":2},"minecraft:picked_up":{"minecraft:birch_log":5,"minecraft:composter":1,"minecraft:porkchop":5,"minecraft:oak_log":12,"minecraft:dirt":1,"minecraft:rotten_flesh":2,"minecraft:bread":2,"minecraft:cobblestone":8},"minecraft:mined":{"minecraft:birch_log":5,"minecraft:birch_leaves":5,"minecraft:short_grass":1,"minecraft:grass_block":1,"minecraft:oak_log":12,"minecraft:dirt":1,"minecraft:stone":8,"minecraft:composter":1}},"DataVersion":3955}