{"stats":{"minecraft:crafted":{"minecraft:oak_planks":2164,"minecraft:oak_sign":3,"minecraft:fishing_rod":1,"minecraft:furnace":1,"minecraft:bookshelf":2,"minecraft:cooked_mutton":16,"minecraft:diamond_helmet":1,"minecraft:diamond_leggings":1,"minecraft:bow":1,"minecraft:iron_axe":1,"minecraft:stone_pickaxe":1,"minecraft:chest":1,"minecraft:diamond_boots":1,"minecraft:emerald":351,"minecraft:cooked_porkchop":5,"minecraft:diamond_axe":1,"minecraft:crafting_table":3,"minecraft:spruce_planks":3288,"minecraft:wooden_pickaxe":1,"minecraft:birch_planks":108,"minecraft:enchanted_book":8,"minecraft:air":0,"minecraft:book":3,"minecraft:paper":48,"minecraft:shield":1,"minecraft:stick":11068,"minecraft:iron_ingot":3,"minecraft:iron_pickaxe":1,"minecraft:wooden_axe":1,"minecraft:torch":8,"minecraft:diamond_chestplate":1},"minecraft:used":{"minecraft:oak_sign":2,"minecraft:chest":1,"minecraft:rotten_flesh":4,"minecraft:torch":8,"minecraft:dirt":1,"minecraft:wooden_axe":18,"minecraft:bookshelf":2,"minecraft:iron_axe":71,"minecraft:basalt":4,"minecraft:furnace":1,"minecraft:cobbled_deepslate":29,"minecraft:cooked_mutton":13,"minecraft:water_bucket":1,"minecraft:stone_pickaxe":131,"minecraft:oak_planks":8,"minecraft:wooden_pickaxe":9,"minecraft:diamond_axe":1285,"minecraft:crafting_table":3,"minecraft:apple":3,"minecraft:bread":3,"minecraft:iron_pickaxe":237,"minecraft:spruce_sapling":12,"minecraft:fishing_rod":8,"minecraft:cooked_porkchop":5,"minecraft:bucket":2,"minecraft:bone_meal":14},"minecraft:custom":{"minecraft:interact_with_smithing_table":3,"minecraft:mob_kills":45,"minecraft:interact_with_anvil":10,"minecraft:interact_with_crafting_table":16,"minecraft:leave_game":8,"minecraft:time_since_death":56265,"minecraft:sprint_one_cm":344142,"minecraft:walk_one_cm":306141,"minecraft:drop":30,"minecraft:talked_to_villager":124,"minecraft:play_time":184773,"minecraft:deaths":1,"minecraft:sneak_time":17978,"minecraft:walk_under_water_one_cm":8891,"minecraft:jump":1804,"minecraft:interact_with_blast_furnace":1,"minecraft:walk_on_water_one_cm":22577,"minecraft:total_world_time":184773,"minecraft:interact_with_furnace":20,"minecraft:traded_with_villager":366,"minecraft:interact_with_grindstone":3,"minecraft:sleep_in_bed":8,"minecraft:time_since_rest":9125,"minecraft:damage_taken":1456,"minecraft:damage_dealt":4422,"minecraft:swim_one_cm":14820,"minecraft:fly_one_cm":355730,"minecraft:open_chest":42,"minecraft:crouch_one_cm":44754,"minecraft:fish_caught":6,"minecraft:fall_one_cm":42359,"minecraft:horse_one_cm":36866},"minecraft:broken":{"minecraft:stone_pickaxe":1},"minecraft:dropped":{"minecraft:iron_ingot":1,"minecraft:bread":6,"minecraft:diamond_axe":2,"minecraft:emerald":1,"minecraft:wooden_axe":1,"minecraft:bone_meal":15,"minecraft:iron_axe":1,"minecraft:oak_sign":1,"minecraft:poppy":2},"minecraft:killed_by":{"minecraft:blaze":1},"minecraft:killed":{"minecraft:magma_cube":15,"minecraft:pig":5,"minecraft:sheep":13,"minecraft:zombie":4,"minecraft:wither_skeleton":2,"minecraft:blaze":4},"minecraft:picked_up":{"minecraft:crafting_table":1,"minecraft:brown_mushroom":10,"minecraft:shield":1,"minecraft:raw_copper":8,"minecraft:iron_axe":1,"minecraft:pufferfish":2,"minecraft:diamond_leggings":1,"minecraft:gold_nugget":2,"minecraft:cobbled_deepslate":254,"minecraft:poppy":2,"minecraft:iron_pickaxe":1,"minecraft:birch_sapling":1,"minecraft:egg":2,"minecraft:stick":25,"minecraft:raw_iron":3,"minecraft:composter":1,"minecraft:torch":11,"minecraft:porkchop":22,"minecraft:redstone":27,"minecraft:arrow":1,"minecraft:rotten_flesh":7,"minecraft:diamond_chestplate":1,"minecraft:diamond_boots":1,"minecraft:saddle":1,"minecraft:blaze_rod":3,"minecraft:mutton":20,"minecraft:cod":3,"minecraft:white_wool":13,"minecraft:cobblestone":64,"minecraft:stripped_oak_log":64,"minecraft:birch_log":41,"minecraft:basalt":6,"minecraft:magma_cream":1,"minecraft:andesite":7,"minecraft:water_bucket":1,"minecraft:salmon":1,"minecraft:tuff":12,"minecraft:oak_log":477,"minecraft:dirt":15,"minecraft:bone":7,"minecraft:apple":4,"minecraft:raw_gold":10,"minecraft:iron_ingot":5,"minecraft:diamond_helmet":1,"minecraft:oak_planks":57,"minecraft:book":6,"minecraft:pumpkin":12,"minecraft:spruce_sapling":64,"minecraft:spruce_log":822,"minecraft:granite":12,"minecraft:diamond_axe":3,"minecraft:bone_meal":29,"minecraft:bread":2,"minecraft:emerald":9,"minecraft:oak_sapling":14,"minecraft:coal":43},"minecraft:mined":{"minecraft:tuff":12,"minecraft:spruce_planks":1,"minecraft:granite":12,"minecraft:grass_block":4,"minecraft:spruce_leaves":11,"minecraft:composter":1,"minecraft:iron_ore":3,"minecraft:cobbled_deepslate":4,"minecraft:andesite":7,"minecraft:pumpkin":6,"minecraft:bookshelf":2,"minecraft:stone":59,"minecraft:podzol":4,"minecraft:deepslate_redstone_ore":7,"minecraft:brown_mushroom":10,"minecraft:crafting_table":1,"minecraft:torch":1,"minecraft:short_grass":8,"minecraft:cobblestone":5,"minecraft:copper_ore":3,"minecraft:tall_grass":1,"minecraft:deepslate_gold_ore":10,"minecraft:oak_planks":1,"minecraft:birch_log":42,"minecraft:lilac":1,"minecraft:spruce_log":839,"minecraft:birch_leaves":11,"minecraft:coal_ore":46,"minecraft:oak_log":361,"minecraft:dirt":4,"minecraft:oak_leaves":10,"minecraft:deepslate":208}},"DataVersion":3955}