{"stats":{"minecraft:crafted":{"minecraft:oak_planks":60,"minecraft:cooked_porkchop":5,"minecraft:crafting_table":3,"minecraft:spruce_planks":244,"minecraft:wooden_pickaxe":1,"minecraft:furnace":1,"minecraft:birch_planks":20,"minecraft:air":0,"minecraft:shield":1,"minecraft:iron_axe":1,"minecraft:stick":268,"minecraft:iron_ingot":3,"minecraft:iron_pickaxe":1,"minecraft:stone_pickaxe":1,"minecraft:wooden_axe":1,"minecraft:chest":1,"minecraft:torch":8},"minecraft:used":{"minecraft:stone_pickaxe":131,"minecraft:oak_planks":8,"minecraft:chest":1,"minecraft:wooden_pickaxe":9,"minecraft:diamond_axe":69,"minecraft:rotten_flesh":4,"minecraft:torch":2,"minecraft:dirt":1,"minecraft:crafting_table":3,"minecraft:wooden_axe":18,"minecraft:apple":3,"minecraft:bread":3,"minecraft:iron_axe":49,"minecraft:iron_pickaxe":237,"minecraft:spruce_sapling":8,"minecraft:furnace":1,"minecraft:cooked_porkchop":3,"minecraft:cobbled_deepslate":14,"minecraft:bone_meal":2},"minecraft:custom":{"minecraft:interact_with_furnace":6,"minecraft:mob_kills":22,"minecraft:interact_with_crafting_table":10,"minecraft:leave_game":7,"minecraft:time_since_death":89485,"minecraft:sleep_in_bed":2,"minecraft:time_since_rest":23129,"minecraft:sprint_one_cm":147287,"minecraft:damage_taken":405,"minecraft:walk_one_cm":133013,"minecraft:drop":27,"minecraft:damage_dealt":2239,"minecraft:talked_to_villager":4,"minecraft:swim_one_cm":10986,"minecraft:fly_one_cm":172169,"minecraft:open_chest":5,"minecraft:crouch_one_cm":4864,"minecraft:play_time":89485,"minecraft:sneak_time":3571,"minecraft:walk_under_water_one_cm":3790,"minecraft:jump":739,"minecraft:walk_on_water_one_cm":14150,"minecraft:total_world_time":89485,"minecraft:fall_one_cm":18532},"minecraft:broken":{"minecraft:stone_pickaxe":1},"minecraft:dropped":{"minecraft:iron_ingot":1,"minecraft:bread":6,"minecraft:emerald":1,"minecraft:poppy":2,"minecraft:wooden_axe":1,"minecraft:bone_meal":15,"minecraft:iron_axe":1},"minecraft:killed":{"minecraft:pig":5,"minecraft:sheep":13,"minecraft:zombie":3},"minecraft:picked_up":{"minecraft:birch_log":5,"minecraft:crafting_table":1,"minecraft:andesite":7,"minecraft:tuff":12,"minecraft:oak_log":15,"minecraft:dirt":7,"minecraft:raw_copper":8,"minecraft:cobbled_deepslate":211,"minecraft:raw_gold":10,"minecraft:iron_ingot":5,"minecraft:poppy":2,"minecraft:oak_planks":1,"minecraft:stick":1,"minecraft:raw_iron":3,"minecraft:pumpkin":6,"minecraft:composter":1,"minecraft:torch":1,"minecraft:porkchop":12,"minecraft:spruce_sapling":42,"minecraft:spruce_log":61,"minecraft:redstone":27,"minecraft:rotten_flesh":7,"minecraft:diamond_axe":1,"minecraft:granite":12,"minecraft:bone_meal":29,"minecraft:emerald":8,"minecraft:bread":2,"minecraft:mutton":20,"minecraft:coal":43,"minecraft:white_wool":13,"minecraft:cobblestone":64},"minecraft:mined":{"minecraft:deepslate_redstone_ore":7,"minecraft:tuff":12,"minecraft:crafting_table":1,"minecraft:granite":12,"minecraft:short_grass":6,"minecraft:grass_block":4,"minecraft:tall_grass":1,"minecraft:copper_ore":3,"minecraft:cobblestone":5,"minecraft:spruce_leaves":2,"minecraft:deepslate_gold_ore":10,"minecraft:composter":1,"minecraft:oak_planks":1,"minecraft:birch_log":5,"minecraft:iron_ore":3,"minecraft:cobbled_deepslate":4,"minecraft:spruce_log":71,"minecraft:andesite":7,"minecraft:birch_leaves":5,"minecraft:pumpkin":6,"minecraft:oak_log":15,"minecraft:coal_ore":46,"minecraft:dirt":4,"minecraft:stone":59,"minecraft:deepslate":208}},"DataVersion":3955}