{"stats":{"minecraft:crafted":{"minecraft:oak_planks":2292,"minecraft:oak_sign":3,"minecraft:fishing_rod":1,"minecraft:furnace":1,"minecraft:spruce_fence":30,"minecraft:bookshelf":2,"minecraft:cooked_mutton":20,"minecraft:hopper":3,"minecraft:spruce_stairs":194,"minecraft:diamond_helmet":1,"minecraft:bow":1,"minecraft:diamond_leggings":1,"minecraft:iron_axe":1,"minecraft:spruce_slab":450,"minecraft:stone_pickaxe":1,"minecraft:chest":11,"minecraft:diamond_boots":1,"minecraft:emerald":351,"minecraft:cooked_porkchop":15,"minecraft:diamond_axe":1,"minecraft:crafting_table":3,"minecraft:spruce_planks":4624,"minecraft:wooden_pickaxe":1,"minecraft:birch_planks":164,"minecraft:enchanted_book":8,"minecraft:air":0,"minecraft:book":3,"minecraft:paper":48,"minecraft:shield":1,"minecraft:birch_fence":42,"minecraft:stick":11328,"minecraft:iron_ingot":3,"minecraft:iron_pickaxe":1,"minecraft:wooden_axe":1,"minecraft:gold_ingot":18,"minecraft:spruce_fence_gate":46,"minecraft:torch":8,"minecraft:diamond_chestplate":1},"minecraft:used":{"minecraft:poppy":1,"minecraft:oak_sign":2,"minecraft:chest":3,"minecraft:spruce_planks":17,"minecraft:rotten_flesh":10,"minecraft:torch":15,"minecraft:dirt":1,"minecraft:wooden_axe":18,"minecraft:lava_bucket":1,"minecraft:bookshelf":2,"minecraft:iron_axe":71,"minecraft:basalt":4,"minecraft:furnace":1,"minecraft:cobbled_deepslate":37,"minecraft:cooked_mutton":20,"minecraft:water_bucket":9,"minecraft:stone_pickaxe":131,"minecraft:oak_planks":8,"minecraft:wooden_pickaxe":9,"minecraft:diamond_axe":1762,"minecraft:crafting_table":4,"minecraft:apple":3,"minecraft:bread":3,"minecraft:iron_pickaxe":245,"minecraft:spruce_sapling":12,"minecraft:fishing_rod":28,"minecraft:cooked_porkchop":7,"minecraft:bucket":13,"minecraft:bone_meal":14},"minecraft:custom":{"minecraft:interact_with_smithing_table":3,"minecraft:mob_kills":56,"minecraft:interact_with_anvil":10,"minecraft:interact_with_crafting_table":39,"minecraft:leave_game":10,"minecraft:time_since_death":125918,"minecraft:sprint_one_cm":450153,"minecraft:walk_one_cm":409782,"minecraft:drop":38,"minecraft:talked_to_villager":127,"minecraft:play_time":254426,"minecraft:deaths":1,"minecraft:sneak_time":22898,"minecraft:walk_under_water_one_cm":11405,"minecraft:jump":2617,"minecraft:interact_with_blast_furnace":1,"minecraft:walk_on_water_one_cm":32065,"minecraft:total_world_time":254426,"minecraft:interact_with_furnace":29,"minecraft:traded_with_villager":366,"minecraft:interact_with_grindstone":3,"minecraft:sleep_in_bed":9,"minecraft:time_since_rest":65005,"minecraft:damage_taken":1996,"minecraft:damage_dealt":9499,"minecraft:swim_one_cm":32037,"minecraft:fly_one_cm":486395,"minecraft:open_chest":95,"minecraft:crouch_one_cm":58390,"minecraft:interact_with_smoker":2,"minecraft:fish_caught":18,"minecraft:fall_one_cm":67184,"minecraft:horse_one_cm":105188},"minecraft:broken":{"minecraft:stone_pickaxe":1},"minecraft:dropped":{"minecraft:iron_ingot":1,"minecraft:bread":6,"minecraft:diamond_axe":2,"minecraft:mossy_cobblestone":1,"minecraft:emerald":1,"minecraft:dirt":3,"minecraft:wooden_axe":1,"minecraft:bone_meal":15,"minecraft:iron_axe":1,"minecraft:cobbled_deepslate":64,"minecraft:raw_copper":8,"minecraft:rotten_flesh":3,"minecraft:oak_sign":1,"minecraft:poppy":4,"minecraft:andesite":7},"minecraft:killed_by":{"minecraft:blaze":1},"minecraft:killed":{"minecraft:spider":1,"minecraft:skeleton":1,"minecraft:magma_cube":15,"minecraft:pig":5,"minecraft:iron_golem":4,"minecraft:creeper":1,"minecraft:sheep":13,"minecraft:zombie":8,"minecraft:wither_skeleton":2,"minecraft:blaze":4},"minecraft:picked_up":{"minecraft:crafting_table":2,"minecraft:brown_mushroom":10,"minecraft:wooden_pickaxe":1,"minecraft:shield":1,"minecraft:raw_copper":16,"minecraft:iron_axe":1,"minecraft:pufferfish":2,"minecraft:diamond_leggings":1,"minecraft:gold_nugget":2,"minecraft:cobbled_deepslate":265,"minecraft:bucket":2,"minecraft:spruce_planks":2,"minecraft:ender_eye":1,"minecraft:poppy":7,"minecraft:iron_pickaxe":1,"minecraft:chest":1,"minecraft:birch_sapling":1,"minecraft:egg":2,"minecraft:stick":26,"minecraft:raw_iron":3,"minecraft:composter":1,"minecraft:torch":15,"minecraft:porkchop":22,"minecraft:carrot":2,"minecraft:redstone":27,"minecraft:arrow":1,"minecraft:diamond_chestplate":1,"minecraft:rotten_flesh":16,"minecraft:diamond_boots":1,"minecraft:saddle":1,"minecraft:blaze_rod":3,"minecraft:mutton":20,"minecraft:cod":9,"minecraft:white_wool":27,"minecraft:cobblestone":122,"minecraft:stripped_oak_log":64,"minecraft:birch_log":41,"minecraft:basalt":6,"minecraft:magma_cream":1,"minecraft:andesite":14,"minecraft:water_bucket":1,"minecraft:salmon":7,"minecraft:tuff":12,"minecraft:oak_log":509,"minecraft:golden_boots":1,"minecraft:dirt":21,"minecraft:bone":9,"minecraft:apple":4,"minecraft:bow":1,"minecraft:raw_gold":10,"minecraft:iron_ingot":26,"minecraft:diamond_helmet":1,"minecraft:oak_planks":58,"minecraft:book":6,"minecraft:pumpkin":13,"minecraft:dandelion":1,"minecraft:spruce_sapling":68,"minecraft:spruce_log":1156,"minecraft:mossy_cobblestone":1,"minecraft:granite":24,"minecraft:diamond_axe":3,"minecraft:bone_meal":29,"minecraft:emerald":9,"minecraft:bread":2,"minecraft:oak_sapling":14,"minecraft:coal":43},"minecraft:mined":{"minecraft:tuff":12,"minecraft:spruce_planks":5,"minecraft:white_bed":1,"minecraft:mossy_cobblestone":1,"minecraft:granite":12,"minecraft:grass_block":4,"minecraft:spruce_leaves":15,"minecraft:composter":1,"minecraft:iron_ore":3,"minecraft:cobbled_deepslate":4,"minecraft:andesite":7,"minecraft:pumpkin":7,"minecraft:bookshelf":2,"minecraft:stone":59,"minecraft:podzol":4,"minecraft:deepslate_redstone_ore":7,"minecraft:brown_mushroom":10,"minecraft:dandelion":2,"minecraft:crafting_table":1,"minecraft:torch":3,"minecraft:short_grass":10,"minecraft:chest":1,"minecraft:tall_grass":3,"minecraft:copper_ore":3,"minecraft:cobblestone":12,"minecraft:deepslate_gold_ore":10,"minecraft:oak_planks":3,"minecraft:wall_torch":2,"minecraft:birch_log":42,"minecraft:lilac":1,"minecraft:spruce_log":1180,"minecraft:birch_leaves":11,"minecraft:oak_log":397,"minecraft:coal_ore":46,"minecraft:dirt":4,"minecraft:oak_leaves":10,"minecraft:deepslate":208}},"DataVersion":3955}