{"stats":{"minecraft:crafted":{"minecraft:oak_planks":48,"minecraft:cooked_porkchop":5,"minecraft:shield":1,"minecraft:iron_axe":1,"minecraft:crafting_table":2,"minecraft:stick":12,"minecraft:wooden_pickaxe":1,"minecraft:iron_ingot":3,"minecraft:iron_pickaxe":1,"minecraft:stone_pickaxe":1,"minecraft:wooden_axe":1,"minecraft:furnace":1,"minecraft:torch":8,"minecraft:birch_planks":20,"minecraft:air":0},"minecraft:used":{"minecraft:wooden_axe":18,"minecraft:apple":3,"minecraft:stone_pickaxe":34,"minecraft:iron_axe":16,"minecraft:bread":3,"minecraft:oak_planks":7,"minecraft:wooden_pickaxe":9,"minecraft:rotten_flesh":4,"minecraft:dirt":1,"minecraft:crafting_table":3,"minecraft:furnace":1},"minecraft:custom":{"minecraft:time_since_rest":35398,"minecraft:interact_with_furnace":6,"minecraft:sprint_one_cm":66433,"minecraft:damage_taken":340,"minecraft:walk_one_cm":67545,"minecraft:mob_kills":4,"minecraft:drop":11,"minecraft:damage_dealt":618,"minecraft:swim_one_cm":10030,"minecraft:interact_with_crafting_table":8,"minecraft:fly_one_cm":73174,"minecraft:open_chest":2,"minecraft:crouch_one_cm":3436,"minecraft:play_time":35398,"minecraft:sneak_time":2088,"minecraft:walk_under_water_one_cm":3432,"minecraft:jump":338,"minecraft:leave_game":5,"minecraft:time_since_death":35398,"minecraft:walk_on_water_one_cm":8952,"minecraft:total_world_time":35398,"minecraft:fall_one_cm":9038},"minecraft:dropped":{"minecraft:iron_ingot":1,"minecraft:bread":6,"minecraft:poppy":2,"minecraft:wooden_axe":1,"minecraft:emerald":1},"minecraft:killed":{"minecraft:pig":2,"minecraft:zombie":2},"minecraft:picked_up":{"minecraft:birch_log":5,"minecraft:crafting_table":1,"minecraft:raw_iron":3,"minecraft:pumpkin":4,"minecraft:composter":1,"minecraft:porkchop":5,"minecraft:oak_log":12,"minecraft:dirt":4,"minecraft:rotten_flesh":7,"minecraft:iron_ingot":5,"minecraft:bread":2,"minecraft:poppy":2,"minecraft:oak_planks":1,"minecraft:coal":23,"minecraft:cobblestone":16},"minecraft:mined":{"minecraft:birch_log":5,"minecraft:iron_ore":3,"minecraft:birch_leaves":5,"minecraft:pumpkin":4,"minecraft:crafting_table":1,"minecraft:short_grass":1,"minecraft:grass_block":3,"minecraft:oak_log":12,"minecraft:coal_ore":23,"minecraft:dirt":2,"minecraft:tall_grass":1,"minecraft:stone":16,"minecraft:oak_planks":1,"minecraft:composter":1}},"DataVersion":3955}