{"stats":{"minecraft:used":{"minecraft:dirt":1},"minecraft:custom":{"minecraft:jump":88,"minecraft:damage_taken":80,"minecraft:leave_game":3,"minecraft:play_time":6326,"minecraft:sprint_one_cm":18838,"minecraft:time_since_death":6326,"minecraft:walk_on_water_one_cm":4613,"minecraft:walk_one_cm":11244,"minecraft:sneak_time":6,"minecraft:total_world_time":6326,"minecraft:walk_under_water_one_cm":1280,"minecraft:swim_one_cm":1242,"minecraft:fall_one_cm":2934,"minecraft:fly_one_cm":17723,"minecraft:time_since_rest":6326},"minecraft:picked_up":{"minecraft:birch_log":5,"minecraft:dirt":1},"minecraft:mined":{"minecraft:birch_log":5,"minecraft:grass_block":1,"minecraft:birch_leaves":5}},"DataVersion":3955}