{"stats":{"minecraft:crafted":{"minecraft:oak_planks":316,"minecraft:emerald":32,"minecraft:cooked_porkchop":5,"minecraft:crafting_table":3,"minecraft:spruce_planks":244,"minecraft:wooden_pickaxe":1,"minecraft:furnace":1,"minecraft:birch_planks":20,"minecraft:air":0,"minecraft:shield":1,"minecraft:iron_axe":1,"minecraft:stick":1080,"minecraft:iron_ingot":3,"minecraft:iron_pickaxe":1,"minecraft:stone_pickaxe":1,"minecraft:wooden_axe":1,"minecraft:chest":1,"minecraft:torch":8,"minecraft:diamond_chestplate":1},"minecraft:used":{"minecraft:stone_pickaxe":131,"minecraft:oak_planks":8,"minecraft:chest":1,"minecraft:wooden_pickaxe":9,"minecraft:diamond_axe":319,"minecraft:rotten_flesh":4,"minecraft:torch":2,"minecraft:dirt":1,"minecraft:crafting_table":3,"minecraft:wooden_axe":18,"minecraft:apple":3,"minecraft:bread":3,"minecraft:iron_axe":49,"minecraft:iron_pickaxe":237,"minecraft:spruce_sapling":12,"minecraft:furnace":1,"minecraft:cooked_porkchop":4,"minecraft:cobbled_deepslate":14,"minecraft:bone_meal":14},"minecraft:custom":{"minecraft:interact_with_furnace":6,"minecraft:mob_kills":22,"minecraft:traded_with_villager":33,"minecraft:interact_with_crafting_table":10,"minecraft:leave_game":8,"minecraft:time_since_death":100773,"minecraft:sleep_in_bed":3,"minecraft:time_since_rest":6340,"minecraft:sprint_one_cm":189443,"minecraft:damage_taken":405,"minecraft:walk_one_cm":154350,"minecraft:drop":27,"minecraft:damage_dealt":2239,"minecraft:swim_one_cm":10986,"minecraft:talked_to_villager":26,"minecraft:fly_one_cm":205708,"minecraft:open_chest":9,"minecraft:crouch_one_cm":10452,"minecraft:play_time":100773,"minecraft:sneak_time":6609,"minecraft:walk_under_water_one_cm":3790,"minecraft:jump":879,"minecraft:walk_on_water_one_cm":14150,"minecraft:total_world_time":100773,"minecraft:fall_one_cm":21100},"minecraft:broken":{"minecraft:stone_pickaxe":1},"minecraft:dropped":{"minecraft:iron_ingot":1,"minecraft:bread":6,"minecraft:emerald":1,"minecraft:poppy":2,"minecraft:wooden_axe":1,"minecraft:bone_meal":15,"minecraft:iron_axe":1},"minecraft:killed":{"minecraft:pig":5,"minecraft:sheep":13,"minecraft:zombie":3},"minecraft:picked_up":{"minecraft:birch_log":15,"minecraft:crafting_table":1,"minecraft:andesite":7,"minecraft:tuff":12,"minecraft:oak_log":239,"minecraft:dirt":11,"minecraft:raw_copper":8,"minecraft:apple":1,"minecraft:cobbled_deepslate":211,"minecraft:raw_gold":10,"minecraft:iron_ingot":5,"minecraft:poppy":2,"minecraft:birch_sapling":1,"minecraft:oak_planks":1,"minecraft:egg":1,"minecraft:stick":17,"minecraft:raw_iron":3,"minecraft:pumpkin":6,"minecraft:composter":1,"minecraft:torch":1,"minecraft:porkchop":12,"minecraft:spruce_sapling":49,"minecraft:spruce_log":61,"minecraft:redstone":27,"minecraft:rotten_flesh":7,"minecraft:diamond_axe":1,"minecraft:granite":12,"minecraft:bone_meal":29,"minecraft:emerald":8,"minecraft:bread":2,"minecraft:oak_sapling":11,"minecraft:mutton":20,"minecraft:coal":43,"minecraft:white_wool":13,"minecraft:cobblestone":64},"minecraft:mined":{"minecraft:podzol":4,"minecraft:deepslate_redstone_ore":7,"minecraft:tuff":12,"minecraft:crafting_table":1,"minecraft:granite":12,"minecraft:short_grass":8,"minecraft:grass_block":4,"minecraft:tall_grass":1,"minecraft:copper_ore":3,"minecraft:cobblestone":5,"minecraft:spruce_leaves":2,"minecraft:deepslate_gold_ore":10,"minecraft:composter":1,"minecraft:oak_planks":1,"minecraft:birch_log":16,"minecraft:iron_ore":3,"minecraft:cobbled_deepslate":4,"minecraft:lilac":1,"minecraft:andesite":7,"minecraft:spruce_log":71,"minecraft:birch_leaves":5,"minecraft:pumpkin":6,"minecraft:oak_log":243,"minecraft:coal_ore":46,"minecraft:dirt":4,"minecraft:stone":59,"minecraft:oak_leaves":8,"minecraft:deepslate":208}},"DataVersion":3955}