{"stats":{"minecraft:crafted":{"minecraft:oak_planks":1784,"minecraft:oak_sign":3,"minecraft:emerald":117,"minecraft:cooked_porkchop":5,"minecraft:crafting_table":3,"minecraft:spruce_planks":244,"minecraft:wooden_pickaxe":1,"minecraft:furnace":1,"minecraft:birch_planks":108,"minecraft:cooked_mutton":16,"minecraft:air":0,"minecraft:diamond_helmet":1,"minecraft:diamond_leggings":1,"minecraft:shield":1,"minecraft:iron_axe":1,"minecraft:stick":3993,"minecraft:iron_ingot":3,"minecraft:iron_pickaxe":1,"minecraft:stone_pickaxe":1,"minecraft:wooden_axe":1,"minecraft:chest":1,"minecraft:diamond_boots":1,"minecraft:torch":8,"minecraft:diamond_chestplate":1},"minecraft:used":{"minecraft:cooked_mutton":10,"minecraft:stone_pickaxe":131,"minecraft:oak_planks":8,"minecraft:oak_sign":2,"minecraft:chest":1,"minecraft:wooden_pickaxe":9,"minecraft:diamond_axe":383,"minecraft:rotten_flesh":4,"minecraft:torch":2,"minecraft:dirt":1,"minecraft:crafting_table":3,"minecraft:wooden_axe":18,"minecraft:apple":3,"minecraft:bread":3,"minecraft:iron_axe":71,"minecraft:iron_pickaxe":237,"minecraft:spruce_sapling":12,"minecraft:basalt":4,"minecraft:furnace":1,"minecraft:cooked_porkchop":5,"minecraft:bucket":1,"minecraft:cobbled_deepslate":29,"minecraft:bone_meal":14},"minecraft:custom":{"minecraft:interact_with_furnace":20,"minecraft:mob_kills":44,"minecraft:traded_with_villager":121,"minecraft:interact_with_crafting_table":12,"minecraft:leave_game":8,"minecraft:time_since_death":8265,"minecraft:sleep_in_bed":4,"minecraft:time_since_rest":8306,"minecraft:sprint_one_cm":300052,"minecraft:damage_taken":1411,"minecraft:walk_one_cm":243434,"minecraft:drop":29,"minecraft:damage_dealt":4174,"minecraft:swim_one_cm":14820,"minecraft:talked_to_villager":46,"minecraft:fly_one_cm":313874,"minecraft:open_chest":21,"minecraft:crouch_one_cm":11373,"minecraft:play_time":136773,"minecraft:deaths":1,"minecraft:sneak_time":7217,"minecraft:walk_under_water_one_cm":7420,"minecraft:jump":1473,"minecraft:interact_with_blast_furnace":1,"minecraft:walk_on_water_one_cm":17303,"minecraft:total_world_time":136773,"minecraft:fall_one_cm":35129},"minecraft:broken":{"minecraft:stone_pickaxe":1},"minecraft:dropped":{"minecraft:iron_ingot":1,"minecraft:bread":6,"minecraft:diamond_axe":1,"minecraft:oak_sign":1,"minecraft:emerald":1,"minecraft:poppy":2,"minecraft:wooden_axe":1,"minecraft:bone_meal":15,"minecraft:iron_axe":1},"minecraft:killed_by":{"minecraft:blaze":1},"minecraft:killed":{"minecraft:magma_cube":15,"minecraft:pig":5,"minecraft:sheep":13,"minecraft:zombie":3,"minecraft:wither_skeleton":2,"minecraft:blaze":4},"minecraft:picked_up":{"minecraft:birch_log":27,"minecraft:crafting_table":1,"minecraft:basalt":6,"minecraft:magma_cream":1,"minecraft:water_bucket":1,"minecraft:andesite":7,"minecraft:brown_mushroom":10,"minecraft:tuff":12,"minecraft:oak_log":382,"minecraft:shield":1,"minecraft:dirt":14,"minecraft:iron_axe":1,"minecraft:raw_copper":8,"minecraft:bone":7,"minecraft:apple":4,"minecraft:diamond_leggings":1,"minecraft:gold_nugget":2,"minecraft:cobbled_deepslate":254,"minecraft:raw_gold":10,"minecraft:iron_ingot":5,"minecraft:iron_pickaxe":1,"minecraft:diamond_helmet":1,"minecraft:poppy":2,"minecraft:birch_sapling":1,"minecraft:oak_planks":57,"minecraft:egg":2,"minecraft:stick":23,"minecraft:raw_iron":3,"minecraft:pumpkin":12,"minecraft:composter":1,"minecraft:torch":8,"minecraft:porkchop":22,"minecraft:spruce_sapling":62,"minecraft:spruce_log":61,"minecraft:redstone":27,"minecraft:arrow":1,"minecraft:diamond_chestplate":1,"minecraft:rotten_flesh":7,"minecraft:diamond_boots":1,"minecraft:diamond_axe":3,"minecraft:granite":12,"minecraft:bone_meal":29,"minecraft:emerald":9,"minecraft:bread":2,"minecraft:blaze_rod":3,"minecraft:oak_sapling":14,"minecraft:mutton":20,"minecraft:coal":43,"minecraft:white_wool":13,"minecraft:cobblestone":64,"minecraft:stripped_oak_log":64},"minecraft:mined":{"minecraft:podzol":4,"minecraft:deepslate_redstone_ore":7,"minecraft:tuff":12,"minecraft:brown_mushroom":10,"minecraft:spruce_planks":1,"minecraft:crafting_table":1,"minecraft:granite":12,"minecraft:short_grass":8,"minecraft:grass_block":4,"minecraft:tall_grass":1,"minecraft:copper_ore":3,"minecraft:cobblestone":5,"minecraft:spruce_leaves":2,"minecraft:deepslate_gold_ore":10,"minecraft:composter":1,"minecraft:oak_planks":1,"minecraft:birch_log":28,"minecraft:iron_ore":3,"minecraft:cobbled_deepslate":4,"minecraft:lilac":1,"minecraft:andesite":7,"minecraft:spruce_log":71,"minecraft:birch_leaves":5,"minecraft:pumpkin":6,"minecraft:oak_log":264,"minecraft:coal_ore":46,"minecraft:dirt":4,"minecraft:stone":59,"minecraft:oak_leaves":8,"minecraft:deepslate":208}},"DataVersion":3955}