{"stats":{"minecraft:custom":{"minecraft:interact_with_furnace":6,"minecraft:mob_kills":22,"minecraft:interact_with_crafting_table":8,"minecraft:leave_game":7,"minecraft:time_since_death":83295,"minecraft:sleep_in_bed":2,"minecraft:time_since_rest":16939,"minecraft:sprint_one_cm":143105,"minecraft:damage_taken":375,"minecraft:walk_one_cm":121014,"minecraft:drop":11,"minecraft:damage_dealt":2237,"minecraft:swim_one_cm":10986,"minecraft:fly_one_cm":167966,"minecraft:open_chest":4,"minecraft:crouch_one_cm":3577,"minecraft:play_time":83295,"minecraft:sneak_time":2414,"minecraft:walk_under_water_one_cm":3790,"minecraft:jump":694,"minecraft:walk_on_water_one_cm":14150,"minecraft:total_world_time":83295,"minecraft:fall_one_cm":17630},"minecraft:broken":{"minecraft:stone_pickaxe":1},"minecraft:picked_up":{"minecraft:birch_log":5,"minecraft:crafting_table":1,"minecraft:andesite":7,"minecraft:tuff":12,"minecraft:oak_log":15,"minecraft:dirt":7,"minecraft:raw_copper":8,"minecraft:cobbled_deepslate":207,"minecraft:raw_gold":10,"minecraft:iron_ingot":5,"minecraft:poppy":2,"minecraft:oak_planks":1,"minecraft:raw_iron":3,"minecraft:pumpkin":6,"minecraft:composter":1,"minecraft:porkchop":12,"minecraft:redstone":23,"minecraft:rotten_flesh":7,"minecraft:granite":12,"minecraft:bread":2,"minecraft:mutton":20,"minecraft:coal":43,"minecraft:white_wool":13,"minecraft:cobblestone":64},"minecraft:dropped":{"minecraft:iron_ingot":1,"minecraft:bread":6,"minecraft:emerald":1,"minecraft:poppy":2,"minecraft:wooden_axe":1},"minecraft:mined":{"minecraft:deepslate_redstone_ore":6,"minecraft:tuff":12,"minecraft:crafting_table":1,"minecraft:granite":12,"minecraft:short_grass":6,"minecraft:grass_block":4,"minecraft:tall_grass":1,"minecraft:copper_ore":3,"minecraft:cobblestone":5,"minecraft:deepslate_gold_ore":10,"minecraft:composter":1,"minecraft:oak_planks":1,"minecraft:birch_log":5,"minecraft:iron_ore":3,"minecraft:birch_leaves":5,"minecraft:andesite":7,"minecraft:pumpkin":6,"minecraft:coal_ore":46,"minecraft:oak_log":15,"minecraft:dirt":4,"minecraft:stone":59,"minecraft:deepslate":208},"minecraft:used":{"minecraft:stone_pickaxe":131,"minecraft:oak_planks":8,"minecraft:wooden_pickaxe":9,"minecraft:rotten_flesh":4,"minecraft:dirt":1,"minecraft:crafting_table":3,"minecraft:wooden_axe":18,"minecraft:apple":3,"minecraft:iron_axe":47,"minecraft:bread":3,"minecraft:iron_pickaxe":232,"minecraft:furnace":1,"minecraft:cooked_porkchop":3,"minecraft:cobbled_deepslate":4},"minecraft:killed":{"minecraft:pig":5,"minecraft:sheep":13,"minecraft:zombie":3},"minecraft:crafted":{"minecraft:oak_planks":60,"minecraft:cooked_porkchop":5,"minecraft:crafting_table":2,"minecraft:wooden_pickaxe":1,"minecraft:furnace":1,"minecraft:birch_planks":20,"minecraft:air":0,"minecraft:shield":1,"minecraft:iron_axe":1,"minecraft:stick":12,"minecraft:iron_ingot":3,"minecraft:iron_pickaxe":1,"minecraft:stone_pickaxe":1,"minecraft:wooden_axe":1,"minecraft:torch":8}},"DataVersion":3955}