{"stats":{"minecraft:crafted":{"minecraft:oak_planks":591,"minecraft:cooked_chicken":3,"minecraft:furnace":3,"minecraft:cooked_mutton":6,"minecraft:iron_boots":1,"minecraft:bow":2,"minecraft:stone_pickaxe":1,"minecraft:stone_hoe":1,"minecraft:smoker":1,"minecraft:cooked_beef":6,"minecraft:arrow":32,"minecraft:emerald":47,"minecraft:cooked_porkchop":4,"minecraft:crafting_table":2,"minecraft:spruce_planks":368,"minecraft:wooden_pickaxe":1,"minecraft:baked_potato":27,"minecraft:iron_sword":1,"minecraft:bucket":1,"minecraft:stone_axe":1,"minecraft:air":0,"minecraft:iron_chestplate":1,"minecraft:shield":1,"minecraft:stick":1754,"minecraft:iron_ingot":40,"minecraft:iron_pickaxe":1,"minecraft:iron_leggings":1,"minecraft:white_bed":1,"minecraft:torch":48,"minecraft:diamond_chestplate":1},"minecraft:used":{"minecraft:spruce_planks":1,"minecraft:shield":3,"minecraft:iron_sword":28,"minecraft:stone_hoe":1,"minecraft:rotten_flesh":1,"minecraft:cooked_chicken":2,"minecraft:iron_chestplate":1,"minecraft:torch":40,"minecraft:dirt":3,"minecraft:lava_bucket":1,"minecraft:iron_axe":310,"minecraft:iron_helmet":1,"minecraft:iron_boots":1,"minecraft:diamond_chestplate":1,"minecraft:bow":7,"minecraft:furnace":3,"minecraft:iron_leggings":1,"minecraft:wheat_seeds":1,"minecraft:cooked_mutton":2,"minecraft:water_bucket":4,"minecraft:stone_pickaxe":50,"minecraft:baked_potato":5,"minecraft:oak_planks":5,"minecraft:wooden_pickaxe":61,"minecraft:crafting_table":10,"minecraft:blast_furnace":2,"minecraft:white_bed":3,"minecraft:smoker":4,"minecraft:apple":2,"minecraft:iron_pickaxe":270,"minecraft:spruce_sapling":7,"minecraft:stone_axe":48,"minecraft:cobblestone":19,"minecraft:cooked_porkchop":9,"minecraft:bucket":6},"minecraft:custom":{"minecraft:mob_kills":40,"minecraft:interact_with_crafting_table":20,"minecraft:leave_game":7,"minecraft:time_since_death":68267,"minecraft:sprint_one_cm":158857,"minecraft:walk_one_cm":214020,"minecraft:damage_blocked_by_shield":85,"minecraft:drop":21,"minecraft:talked_to_villager":75,"minecraft:play_time":129794,"minecraft:deaths":3,"minecraft:sneak_time":2547,"minecraft:walk_under_water_one_cm":15022,"minecraft:jump":1745,"minecraft:interact_with_blast_furnace":12,"minecraft:walk_on_water_one_cm":26176,"minecraft:total_world_time":129794,"minecraft:interact_with_furnace":8,"minecraft:traded_with_villager":52,"minecraft:sleep_in_bed":8,"minecraft:time_since_rest":1914,"minecraft:damage_taken":1708,"minecraft:damage_dealt":4476,"minecraft:swim_one_cm":4338,"minecraft:fly_one_cm":292554,"minecraft:open_chest":25,"minecraft:crouch_one_cm":3349,"minecraft:interact_with_smoker":17,"minecraft:fall_one_cm":49481},"minecraft:broken":{"minecraft:wooden_pickaxe":1,"minecraft:iron_pickaxe":1},"minecraft:dropped":{"minecraft:wheat_seeds":2,"minecraft:feather":1,"minecraft:cobblestone":30,"minecraft:granite":1,"minecraft:diorite":1,"minecraft:torch":1,"minecraft:dandelion":2,"minecraft:wheat":10,"minecraft:rotten_flesh":2,"minecraft:carrot":1,"minecraft:iron_chestplate":2,"minecraft:andesite":4,"minecraft:oak_sapling":3,"minecraft:spider_eye":1,"minecraft:beef":1,"minecraft:egg":1},"minecraft:killed_by":{"minecraft:creeper":1,"minecraft:zombie":1},"minecraft:killed":{"minecraft:spider":1,"minecraft:skeleton":6,"minecraft:chicken":5,"minecraft:drowned":1,"minecraft:pig":11,"minecraft:sheep":5,"minecraft:zombie":4,"minecraft:cow":6},"minecraft:picked_up":{"minecraft:iron_chestplate":1,"minecraft:crafting_table":10,"minecraft:chicken":7,"minecraft:clay_ball":16,"minecraft:brown_mushroom":3,"minecraft:iron_axe":4,"minecraft:spruce_planks":1,"minecraft:beef":13,"minecraft:iron_pickaxe":2,"minecraft:sugar_cane":26,"minecraft:egg":5,"minecraft:furnace":2,"minecraft:raw_iron":58,"minecraft:stick":28,"minecraft:torch":35,"minecraft:porkchop":32,"minecraft:diorite":1,"minecraft:carrot":1,"minecraft:arrow":72,"minecraft:rotten_flesh":6,"minecraft:mutton":14,"minecraft:cobblestone":234,"minecraft:white_wool":6,"minecraft:feather":6,"minecraft:cooked_beef":5,"minecraft:andesite":4,"minecraft:leather":10,"minecraft:potato":152,"minecraft:smoker":4,"minecraft:oak_log":168,"minecraft:lapis_lazuli":23,"minecraft:dirt":48,"minecraft:apple":16,"minecraft:bow":2,"minecraft:wheat_seeds":3,"minecraft:cooked_chicken":1,"minecraft:oak_planks":127,"minecraft:cooked_porkchop":11,"minecraft:dandelion":2,"minecraft:sand":1,"minecraft:spruce_sapling":7,"minecraft:blast_furnace":2,"minecraft:white_bed":3,"minecraft:spruce_log":92,"minecraft:spider_eye":1,"minecraft:iron_helmet":2,"minecraft:granite":1,"minecraft:emerald":19,"minecraft:baked_potato":1,"minecraft:oak_sapling":3,"minecraft:coal":159},"minecraft:mined":{"minecraft:spruce_planks":1,"minecraft:white_bed":2,"minecraft:granite":6,"minecraft:grass_block":7,"minecraft:spruce_leaves":2,"minecraft:spruce_sapling":1,"minecraft:furnace":2,"minecraft:carrots":1,"minecraft:iron_ore":61,"minecraft:andesite":4,"minecraft:stone":175,"minecraft:brown_mushroom":3,"minecraft:smoker":3,"minecraft:dandelion":2,"minecraft:crafting_table":9,"minecraft:clay":4,"minecraft:torch":11,"minecraft:short_grass":11,"minecraft:blast_furnace":1,"minecraft:tall_grass":1,"minecraft:cobblestone":11,"minecraft:lapis_ore":3,"minecraft:sugar_cane":5,"minecraft:oak_planks":11,"minecraft:diorite":1,"minecraft:wall_torch":17,"minecraft:spruce_log":92,"minecraft:birch_leaves":1,"minecraft:oak_log":159,"minecraft:coal_ore":95,"minecraft:dirt":8,"minecraft:oak_leaves":11,"minecraft:deepslate":16}},"DataVersion":3955}