{"stats":{"minecraft:crafted":{"minecraft:cooked_beef":6,"minecraft:oak_planks":308,"minecraft:arrow":32,"minecraft:emerald":17,"minecraft:cooked_porkchop":4,"minecraft:crafting_table":2,"minecraft:spruce_planks":96,"minecraft:wooden_pickaxe":1,"minecraft:cooked_chicken":3,"minecraft:furnace":3,"minecraft:stone_axe":1,"minecraft:air":0,"minecraft:bow":1,"minecraft:stick":528,"minecraft:stone_pickaxe":1,"minecraft:white_bed":1,"minecraft:torch":32,"minecraft:stone_hoe":1,"minecraft:smoker":1},"minecraft:used":{"minecraft:wheat_seeds":1,"minecraft:stone_pickaxe":50,"minecraft:oak_planks":5,"minecraft:spruce_planks":1,"minecraft:wooden_pickaxe":61,"minecraft:stone_hoe":1,"minecraft:cooked_chicken":2,"minecraft:rotten_flesh":1,"minecraft:torch":19,"minecraft:dirt":3,"minecraft:crafting_table":6,"minecraft:white_bed":2,"minecraft:smoker":1,"minecraft:apple":2,"minecraft:iron_axe":159,"minecraft:iron_pickaxe":45,"minecraft:iron_helmet":1,"minecraft:stone_axe":48,"minecraft:cobblestone":2,"minecraft:furnace":3,"minecraft:cooked_porkchop":4},"minecraft:custom":{"minecraft:interact_with_furnace":8,"minecraft:mob_kills":24,"minecraft:traded_with_villager":20,"minecraft:interact_with_crafting_table":10,"minecraft:leave_game":5,"minecraft:time_since_death":2003,"minecraft:sleep_in_bed":3,"minecraft:time_since_rest":2073,"minecraft:sprint_one_cm":100045,"minecraft:damage_taken":1105,"minecraft:walk_one_cm":100963,"minecraft:drop":5,"minecraft:damage_dealt":2440,"minecraft:swim_one_cm":3203,"minecraft:talked_to_villager":24,"minecraft:fly_one_cm":205485,"minecraft:open_chest":20,"minecraft:crouch_one_cm":1745,"minecraft:play_time":63530,"minecraft:deaths":3,"minecraft:sneak_time":1211,"minecraft:walk_under_water_one_cm":5466,"minecraft:jump":1062,"minecraft:walk_on_water_one_cm":11432,"minecraft:interact_with_smoker":4,"minecraft:total_world_time":63530,"minecraft:fall_one_cm":31070},"minecraft:broken":{"minecraft:wooden_pickaxe":1},"minecraft:dropped":{"minecraft:wheat":10,"minecraft:carrot":1,"minecraft:oak_sapling":3},"minecraft:killed_by":{"minecraft:creeper":1,"minecraft:zombie":1},"minecraft:killed":{"minecraft:pig":9,"minecraft:sheep":4,"minecraft:zombie":1,"minecraft:chicken":4,"minecraft:cow":6},"minecraft:picked_up":{"minecraft:crafting_table":7,"minecraft:feather":5,"minecraft:cooked_beef":5,"minecraft:chicken":6,"minecraft:clay_ball":16,"minecraft:andesite":2,"minecraft:leather":10,"minecraft:brown_mushroom":3,"minecraft:smoker":2,"minecraft:potato":118,"minecraft:oak_log":113,"minecraft:dirt":43,"minecraft:iron_axe":4,"minecraft:apple":16,"minecraft:bow":2,"minecraft:wheat_seeds":1,"minecraft:spruce_planks":1,"minecraft:cooked_chicken":1,"minecraft:beef":13,"minecraft:iron_pickaxe":2,"minecraft:sugar_cane":26,"minecraft:oak_planks":121,"minecraft:furnace":2,"minecraft:egg":5,"minecraft:stick":18,"minecraft:raw_iron":1,"minecraft:torch":16,"minecraft:porkchop":32,"minecraft:blast_furnace":1,"minecraft:white_bed":3,"minecraft:carrot":1,"minecraft:spruce_log":24,"minecraft:arrow":67,"minecraft:rotten_flesh":4,"minecraft:iron_helmet":2,"minecraft:emerald":19,"minecraft:oak_sapling":3,"minecraft:mutton":12,"minecraft:coal":98,"minecraft:white_wool":5,"minecraft:cobblestone":155},"minecraft:mined":{"minecraft:white_bed":2,"minecraft:spruce_planks":1,"minecraft:brown_mushroom":3,"minecraft:smoker":1,"minecraft:clay":4,"minecraft:crafting_table":6,"minecraft:torch":6,"minecraft:short_grass":9,"minecraft:grass_block":5,"minecraft:tall_grass":1,"minecraft:cobblestone":8,"minecraft:sugar_cane":5,"minecraft:oak_planks":6,"minecraft:wall_torch":8,"minecraft:furnace":2,"minecraft:iron_ore":1,"minecraft:spruce_log":25,"minecraft:birch_leaves":1,"minecraft:coal_ore":47,"minecraft:oak_log":101,"minecraft:dirt":5,"minecraft:stone":95,"minecraft:oak_leaves":11}},"DataVersion":3955}