{"stats":{"minecraft:crafted":{"minecraft:cooked_beef":6,"minecraft:oak_planks":236,"minecraft:arrow":32,"minecraft:emerald":17,"minecraft:cooked_porkchop":4,"minecraft:crafting_table":2,"minecraft:spruce_planks":96,"minecraft:wooden_pickaxe":1,"minecraft:cooked_chicken":3,"minecraft:furnace":3,"minecraft:stone_axe":1,"minecraft:air":0,"minecraft:bow":1,"minecraft:stick":516,"minecraft:stone_pickaxe":1,"minecraft:torch":16,"minecraft:stone_hoe":1,"minecraft:smoker":1},"minecraft:used":{"minecraft:wheat_seeds":1,"minecraft:stone_pickaxe":50,"minecraft:oak_planks":5,"minecraft:spruce_planks":1,"minecraft:wooden_pickaxe":61,"minecraft:stone_hoe":1,"minecraft:cooked_chicken":2,"minecraft:rotten_flesh":1,"minecraft:torch":14,"minecraft:dirt":3,"minecraft:crafting_table":6,"minecraft:smoker":1,"minecraft:apple":2,"minecraft:iron_axe":123,"minecraft:iron_pickaxe":41,"minecraft:iron_helmet":1,"minecraft:stone_axe":48,"minecraft:cobblestone":2,"minecraft:furnace":3,"minecraft:cooked_porkchop":2},"minecraft:custom":{"minecraft:interact_with_furnace":8,"minecraft:mob_kills":18,"minecraft:traded_with_villager":20,"minecraft:interact_with_crafting_table":9,"minecraft:leave_game":4,"minecraft:time_since_death":7406,"minecraft:sleep_in_bed":1,"minecraft:time_since_rest":7463,"minecraft:sprint_one_cm":74054,"minecraft:damage_taken":835,"minecraft:walk_one_cm":82517,"minecraft:drop":5,"minecraft:damage_dealt":1856,"minecraft:talked_to_villager":24,"minecraft:fly_one_cm":154820,"minecraft:open_chest":19,"minecraft:crouch_one_cm":1745,"minecraft:play_time":54423,"minecraft:deaths":2,"minecraft:sneak_time":1149,"minecraft:walk_under_water_one_cm":697,"minecraft:jump":799,"minecraft:walk_on_water_one_cm":1825,"minecraft:interact_with_smoker":4,"minecraft:total_world_time":54423,"minecraft:fall_one_cm":19672},"minecraft:broken":{"minecraft:wooden_pickaxe":1},"minecraft:dropped":{"minecraft:wheat":10,"minecraft:carrot":1,"minecraft:oak_sapling":3},"minecraft:killed_by":{"minecraft:creeper":1,"minecraft:zombie":1},"minecraft:killed":{"minecraft:pig":5,"minecraft:sheep":3,"minecraft:zombie":1,"minecraft:chicken":4,"minecraft:cow":5},"minecraft:picked_up":{"minecraft:crafting_table":5,"minecraft:feather":4,"minecraft:chicken":5,"minecraft:clay_ball":16,"minecraft:leather":6,"minecraft:smoker":1,"minecraft:potato":59,"minecraft:oak_log":81,"minecraft:dirt":24,"minecraft:iron_axe":2,"minecraft:apple":8,"minecraft:bow":1,"minecraft:wheat_seeds":1,"minecraft:spruce_planks":1,"minecraft:beef":11,"minecraft:iron_pickaxe":1,"minecraft:oak_planks":51,"minecraft:furnace":2,"minecraft:egg":4,"minecraft:stick":18,"minecraft:raw_iron":1,"minecraft:torch":11,"minecraft:porkchop":12,"minecraft:carrot":1,"minecraft:spruce_log":24,"minecraft:arrow":34,"minecraft:rotten_flesh":4,"minecraft:iron_helmet":1,"minecraft:emerald":3,"minecraft:oak_sapling":3,"minecraft:mutton":4,"minecraft:coal":88,"minecraft:white_wool":3,"minecraft:cobblestone":129},"minecraft:mined":{"minecraft:spruce_planks":1,"minecraft:smoker":1,"minecraft:clay":4,"minecraft:crafting_table":5,"minecraft:torch":3,"minecraft:short_grass":9,"minecraft:grass_block":4,"minecraft:tall_grass":1,"minecraft:cobblestone":8,"minecraft:oak_planks":6,"minecraft:wall_torch":6,"minecraft:furnace":2,"minecraft:iron_ore":1,"minecraft:spruce_log":25,"minecraft:birch_leaves":1,"minecraft:coal_ore":45,"minecraft:oak_log":85,"minecraft:dirt":5,"minecraft:stone":93,"minecraft:oak_leaves":9}},"DataVersion":3955}