{"stats":{"minecraft:custom":{"minecraft:time_since_rest":8354,"minecraft:interact_with_furnace":3,"minecraft:sprint_one_cm":8653,"minecraft:damage_taken":30,"minecraft:walk_one_cm":16702,"minecraft:mob_kills":1,"minecraft:drop":2,"minecraft:damage_dealt":100,"minecraft:interact_with_crafting_table":4,"minecraft:fly_one_cm":8885,"minecraft:crouch_one_cm":1647,"minecraft:play_time":8354,"minecraft:sneak_time":1024,"minecraft:jump":84,"minecraft:leave_game":4,"minecraft:time_since_death":8354,"minecraft:total_world_time":8354,"minecraft:fall_one_cm":418},"minecraft:picked_up":{"minecraft:raw_iron":1,"minecraft:crafting_table":3,"minecraft:torch":2,"minecraft:porkchop":1,"minecraft:oak_log":20,"minecraft:dirt":3,"minecraft:rotten_flesh":2,"minecraft:oak_sapling":3,"minecraft:coal":17,"minecraft:cobblestone":38,"minecraft:furnace":1},"minecraft:dropped":{"minecraft:oak_sapling":2},"minecraft:mined":{"minecraft:furnace":1,"minecraft:iron_ore":1,"minecraft:torch":1,"minecraft:crafting_table":3,"minecraft:short_grass":1,"minecraft:oak_log":20,"minecraft:grass_block":1,"minecraft:coal_ore":10,"minecraft:dirt":2,"minecraft:stone":38,"minecraft:oak_leaves":8,"minecraft:wall_torch":1},"minecraft:used":{"minecraft:stone_pickaxe":19,"minecraft:wooden_pickaxe":32,"minecraft:torch":7,"minecraft:stone_axe":25,"minecraft:dirt":3,"minecraft:cobblestone":2,"minecraft:crafting_table":3,"minecraft:furnace":2,"minecraft:cooked_porkchop":1},"minecraft:killed":{"minecraft:pig":1},"minecraft:crafted":{"minecraft:oak_planks":20,"minecraft:cooked_porkchop":1,"minecraft:crafting_table":1,"minecraft:stick":8,"minecraft:wooden_pickaxe":1,"minecraft:stone_pickaxe":1,"minecraft:furnace":1,"minecraft:torch":8,"minecraft:stone_axe":1,"minecraft:air":0}},"DataVersion":3955}