{"stats":{"minecraft:crafted":{"minecraft:cooked_beef":6,"minecraft:oak_planks":308,"minecraft:arrow":32,"minecraft:emerald":17,"minecraft:cooked_porkchop":4,"minecraft:crafting_table":2,"minecraft:spruce_planks":96,"minecraft:wooden_pickaxe":1,"minecraft:cooked_chicken":3,"minecraft:furnace":3,"minecraft:stone_axe":1,"minecraft:cooked_mutton":6,"minecraft:air":0,"minecraft:bow":1,"minecraft:stick":528,"minecraft:iron_ingot":19,"minecraft:stone_pickaxe":1,"minecraft:white_bed":1,"minecraft:torch":32,"minecraft:stone_hoe":1,"minecraft:smoker":1},"minecraft:used":{"minecraft:wheat_seeds":1,"minecraft:cooked_mutton":2,"minecraft:stone_pickaxe":50,"minecraft:oak_planks":5,"minecraft:spruce_planks":1,"minecraft:wooden_pickaxe":61,"minecraft:cooked_chicken":2,"minecraft:stone_hoe":1,"minecraft:rotten_flesh":1,"minecraft:torch":24,"minecraft:dirt":3,"minecraft:crafting_table":6,"minecraft:blast_furnace":1,"minecraft:white_bed":3,"minecraft:smoker":2,"minecraft:apple":2,"minecraft:iron_axe":172,"minecraft:iron_pickaxe":132,"minecraft:iron_helmet":1,"minecraft:stone_axe":48,"minecraft:cobblestone":2,"minecraft:furnace":3,"minecraft:cooked_porkchop":4},"minecraft:custom":{"minecraft:interact_with_furnace":8,"minecraft:mob_kills":28,"minecraft:traded_with_villager":20,"minecraft:interact_with_crafting_table":10,"minecraft:leave_game":6,"minecraft:time_since_death":10344,"minecraft:sleep_in_bed":4,"minecraft:time_since_rest":153,"minecraft:sprint_one_cm":107848,"minecraft:damage_taken":1215,"minecraft:walk_one_cm":120206,"minecraft:drop":5,"minecraft:damage_dealt":3200,"minecraft:swim_one_cm":4338,"minecraft:talked_to_villager":24,"minecraft:fly_one_cm":212124,"minecraft:open_chest":20,"minecraft:crouch_one_cm":2173,"minecraft:play_time":71871,"minecraft:deaths":3,"minecraft:sneak_time":1543,"minecraft:walk_under_water_one_cm":10010,"minecraft:jump":1149,"minecraft:interact_with_blast_furnace":4,"minecraft:walk_on_water_one_cm":14016,"minecraft:total_world_time":71871,"minecraft:interact_with_smoker":8,"minecraft:fall_one_cm":32651},"minecraft:broken":{"minecraft:wooden_pickaxe":1},"minecraft:dropped":{"minecraft:wheat":10,"minecraft:carrot":1,"minecraft:oak_sapling":3},"minecraft:killed_by":{"minecraft:creeper":1,"minecraft:zombie":1},"minecraft:killed":{"minecraft:pig":9,"minecraft:spider":1,"minecraft:skeleton":1,"minecraft:sheep":4,"minecraft:zombie":3,"minecraft:chicken":4,"minecraft:cow":6},"minecraft:picked_up":{"minecraft:crafting_table":7,"minecraft:feather":5,"minecraft:cooked_beef":5,"minecraft:chicken":6,"minecraft:clay_ball":16,"minecraft:andesite":2,"minecraft:leather":10,"minecraft:brown_mushroom":3,"minecraft:potato":118,"minecraft:smoker":3,"minecraft:oak_log":113,"minecraft:dirt":43,"minecraft:iron_axe":4,"minecraft:apple":16,"minecraft:bow":2,"minecraft:wheat_seeds":1,"minecraft:spruce_planks":1,"minecraft:beef":13,"minecraft:cooked_chicken":1,"minecraft:iron_pickaxe":2,"minecraft:sugar_cane":26,"minecraft:oak_planks":121,"minecraft:egg":5,"minecraft:furnace":2,"minecraft:stick":18,"minecraft:raw_iron":26,"minecraft:cooked_porkchop":11,"minecraft:torch":18,"minecraft:porkchop":32,"minecraft:diorite":1,"minecraft:carrot":1,"minecraft:blast_furnace":1,"minecraft:white_bed":3,"minecraft:spruce_log":24,"minecraft:spider_eye":1,"minecraft:arrow":69,"minecraft:rotten_flesh":4,"minecraft:iron_helmet":2,"minecraft:emerald":19,"minecraft:oak_sapling":3,"minecraft:mutton":12,"minecraft:coal":125,"minecraft:white_wool":5,"minecraft:cobblestone":192},"minecraft:mined":{"minecraft:spruce_planks":1,"minecraft:brown_mushroom":3,"minecraft:white_bed":2,"minecraft:smoker":2,"minecraft:clay":4,"minecraft:crafting_table":6,"minecraft:torch":7,"minecraft:short_grass":9,"minecraft:grass_block":5,"minecraft:tall_grass":1,"minecraft:cobblestone":8,"minecraft:sugar_cane":5,"minecraft:oak_planks":6,"minecraft:diorite":1,"minecraft:wall_torch":9,"minecraft:furnace":2,"minecraft:iron_ore":26,"minecraft:andesite":1,"minecraft:spruce_log":25,"minecraft:birch_leaves":1,"minecraft:oak_log":101,"minecraft:coal_ore":72,"minecraft:dirt":5,"minecraft:stone":128,"minecraft:oak_leaves":11}},"DataVersion":3955}