{"stats":{"minecraft:crafted":{"minecraft:cooked_beef":1,"minecraft:oak_planks":124,"minecraft:arrow":32,"minecraft:emerald":7,"minecraft:cooked_porkchop":1,"minecraft:crafting_table":1,"minecraft:spruce_planks":96,"minecraft:wooden_pickaxe":1,"minecraft:cooked_chicken":2,"minecraft:furnace":2,"minecraft:stone_axe":1,"minecraft:air":0,"minecraft:bow":1,"minecraft:stick":212,"minecraft:stone_pickaxe":1,"minecraft:torch":16,"minecraft:stone_hoe":1},"minecraft:used":{"minecraft:wheat_seeds":1,"minecraft:stone_pickaxe":50,"minecraft:spruce_planks":1,"minecraft:wooden_pickaxe":61,"minecraft:stone_hoe":1,"minecraft:cooked_chicken":2,"minecraft:rotten_flesh":1,"minecraft:torch":13,"minecraft:dirt":3,"minecraft:crafting_table":4,"minecraft:apple":2,"minecraft:iron_axe":55,"minecraft:iron_pickaxe":40,"minecraft:iron_helmet":1,"minecraft:stone_axe":48,"minecraft:cobblestone":2,"minecraft:furnace":3,"minecraft:cooked_porkchop":1},"minecraft:custom":{"minecraft:interact_with_furnace":8,"minecraft:mob_kills":13,"minecraft:traded_with_villager":10,"minecraft:interact_with_crafting_table":8,"minecraft:leave_game":4,"minecraft:time_since_death":11301,"minecraft:sleep_in_bed":1,"minecraft:time_since_rest":8670,"minecraft:sprint_one_cm":54660,"minecraft:damage_taken":420,"minecraft:walk_one_cm":65573,"minecraft:drop":3,"minecraft:damage_dealt":1397,"minecraft:talked_to_villager":16,"minecraft:fly_one_cm":111447,"minecraft:open_chest":12,"minecraft:crouch_one_cm":1710,"minecraft:play_time":30423,"minecraft:deaths":1,"minecraft:sneak_time":1061,"minecraft:jump":578,"minecraft:walk_on_water_one_cm":1660,"minecraft:total_world_time":30423,"minecraft:fall_one_cm":12861},"minecraft:broken":{"minecraft:wooden_pickaxe":1},"minecraft:dropped":{"minecraft:oak_sapling":3},"minecraft:killed_by":{"minecraft:zombie":1},"minecraft:killed":{"minecraft:pig":4,"minecraft:zombie":1,"minecraft:chicken":3,"minecraft:cow":5},"minecraft:picked_up":{"minecraft:crafting_table":4,"minecraft:feather":3,"minecraft:chicken":3,"minecraft:clay_ball":16,"minecraft:leather":4,"minecraft:oak_log":31,"minecraft:dirt":4,"minecraft:wheat_seeds":1,"minecraft:spruce_planks":1,"minecraft:beef":6,"minecraft:oak_planks":3,"minecraft:furnace":2,"minecraft:egg":3,"minecraft:raw_iron":1,"minecraft:torch":10,"minecraft:porkchop":7,"minecraft:spruce_log":24,"minecraft:arrow":1,"minecraft:rotten_flesh":4,"minecraft:oak_sapling":3,"minecraft:coal":70,"minecraft:cobblestone":100},"minecraft:mined":{"minecraft:spruce_planks":1,"minecraft:clay":4,"minecraft:crafting_table":4,"minecraft:torch":3,"minecraft:short_grass":8,"minecraft:grass_block":1,"minecraft:tall_grass":1,"minecraft:cobblestone":8,"minecraft:oak_planks":3,"minecraft:wall_torch":6,"minecraft:furnace":2,"minecraft:iron_ore":1,"minecraft:spruce_log":25,"minecraft:birch_leaves":1,"minecraft:coal_ore":45,"minecraft:oak_log":33,"minecraft:dirt":3,"minecraft:stone":93,"minecraft:oak_leaves":8}},"DataVersion":3955}