{"stats":{"minecraft:crafted":{"minecraft:cooked_beef":6,"minecraft:oak_planks":308,"minecraft:emerald":17,"minecraft:arrow":32,"minecraft:cooked_porkchop":4,"minecraft:crafting_table":2,"minecraft:spruce_planks":96,"minecraft:cooked_chicken":3,"minecraft:wooden_pickaxe":1,"minecraft:baked_potato":24,"minecraft:iron_sword":1,"minecraft:furnace":3,"minecraft:bucket":1,"minecraft:stone_axe":1,"minecraft:cooked_mutton":6,"minecraft:air":0,"minecraft:bow":1,"minecraft:iron_boots":1,"minecraft:iron_chestplate":1,"minecraft:shield":1,"minecraft:stick":540,"minecraft:iron_ingot":40,"minecraft:iron_pickaxe":1,"minecraft:stone_pickaxe":1,"minecraft:iron_leggings":1,"minecraft:white_bed":1,"minecraft:torch":48,"minecraft:stone_hoe":1,"minecraft:smoker":1},"minecraft:used":{"minecraft:wheat_seeds":1,"minecraft:cooked_mutton":2,"minecraft:water_bucket":4,"minecraft:baked_potato":1,"minecraft:stone_pickaxe":50,"minecraft:oak_planks":5,"minecraft:spruce_planks":1,"minecraft:wooden_pickaxe":61,"minecraft:shield":3,"minecraft:iron_sword":25,"minecraft:cooked_chicken":2,"minecraft:rotten_flesh":1,"minecraft:stone_hoe":1,"minecraft:iron_chestplate":1,"minecraft:torch":39,"minecraft:dirt":3,"minecraft:crafting_table":10,"minecraft:blast_furnace":2,"minecraft:white_bed":3,"minecraft:smoker":3,"minecraft:apple":2,"minecraft:lava_bucket":1,"minecraft:iron_axe":175,"minecraft:iron_pickaxe":270,"minecraft:iron_helmet":1,"minecraft:iron_boots":1,"minecraft:stone_axe":48,"minecraft:cobblestone":16,"minecraft:bow":4,"minecraft:furnace":3,"minecraft:cooked_porkchop":9,"minecraft:bucket":6,"minecraft:iron_leggings":1},"minecraft:custom":{"minecraft:interact_with_furnace":8,"minecraft:mob_kills":39,"minecraft:traded_with_villager":20,"minecraft:interact_with_crafting_table":20,"minecraft:leave_game":7,"minecraft:time_since_death":44267,"minecraft:sleep_in_bed":4,"minecraft:time_since_rest":34076,"minecraft:sprint_one_cm":128499,"minecraft:damage_taken":1571,"minecraft:walk_one_cm":161781,"minecraft:damage_blocked_by_shield":85,"minecraft:drop":10,"minecraft:damage_dealt":4376,"minecraft:swim_one_cm":4338,"minecraft:talked_to_villager":24,"minecraft:fly_one_cm":247159,"minecraft:open_chest":20,"minecraft:play_time":105794,"minecraft:crouch_one_cm":3276,"minecraft:deaths":3,"minecraft:sneak_time":2511,"minecraft:walk_under_water_one_cm":13569,"minecraft:jump":1472,"minecraft:interact_with_blast_furnace":12,"minecraft:walk_on_water_one_cm":25955,"minecraft:total_world_time":105794,"minecraft:interact_with_smoker":15,"minecraft:fall_one_cm":41216},"minecraft:broken":{"minecraft:iron_pickaxe":1,"minecraft:wooden_pickaxe":1},"minecraft:dropped":{"minecraft:wheat":10,"minecraft:granite":1,"minecraft:carrot":1,"minecraft:diorite":1,"minecraft:torch":1,"minecraft:oak_sapling":3,"minecraft:spider_eye":1,"minecraft:egg":1},"minecraft:killed_by":{"minecraft:creeper":1,"minecraft:zombie":1},"minecraft:killed":{"minecraft:pig":11,"minecraft:spider":1,"minecraft:skeleton":6,"minecraft:sheep":5,"minecraft:zombie":4,"minecraft:chicken":4,"minecraft:drowned":1,"minecraft:cow":6},"minecraft:picked_up":{"minecraft:crafting_table":10,"minecraft:feather":5,"minecraft:cooked_beef":5,"minecraft:chicken":6,"minecraft:clay_ball":16,"minecraft:andesite":4,"minecraft:leather":10,"minecraft:brown_mushroom":3,"minecraft:smoker":4,"minecraft:potato":152,"minecraft:oak_log":113,"minecraft:lapis_lazuli":23,"minecraft:dirt":48,"minecraft:iron_axe":4,"minecraft:apple":16,"minecraft:bow":2,"minecraft:wheat_seeds":1,"minecraft:spruce_planks":1,"minecraft:beef":13,"minecraft:cooked_chicken":1,"minecraft:iron_pickaxe":2,"minecraft:sugar_cane":26,"minecraft:oak_planks":121,"minecraft:furnace":2,"minecraft:egg":5,"minecraft:stick":18,"minecraft:raw_iron":58,"minecraft:cooked_porkchop":11,"minecraft:torch":33,"minecraft:porkchop":32,"minecraft:sand":1,"minecraft:blast_furnace":2,"minecraft:diorite":1,"minecraft:white_bed":3,"minecraft:spruce_log":24,"minecraft:carrot":1,"minecraft:spider_eye":1,"minecraft:arrow":72,"minecraft:rotten_flesh":5,"minecraft:iron_helmet":2,"minecraft:granite":1,"minecraft:emerald":19,"minecraft:baked_potato":1,"minecraft:oak_sapling":3,"minecraft:mutton":14,"minecraft:coal":159,"minecraft:white_wool":6,"minecraft:cobblestone":234},"minecraft:mined":{"minecraft:white_bed":2,"minecraft:spruce_planks":1,"minecraft:brown_mushroom":3,"minecraft:smoker":3,"minecraft:clay":4,"minecraft:crafting_table":9,"minecraft:torch":11,"minecraft:granite":6,"minecraft:short_grass":9,"minecraft:blast_furnace":1,"minecraft:grass_block":7,"minecraft:tall_grass":1,"minecraft:cobblestone":11,"minecraft:lapis_ore":3,"minecraft:oak_planks":6,"minecraft:sugar_cane":5,"minecraft:diorite":1,"minecraft:wall_torch":16,"minecraft:furnace":2,"minecraft:iron_ore":61,"minecraft:spruce_log":25,"minecraft:birch_leaves":1,"minecraft:andesite":4,"minecraft:coal_ore":95,"minecraft:oak_log":101,"minecraft:dirt":8,"minecraft:stone":175,"minecraft:oak_leaves":11,"minecraft:deepslate":16}},"DataVersion":3955}