{"stats":{"minecraft:crafted":{"minecraft:cooked_beef":1,"minecraft:oak_planks":80,"minecraft:cooked_porkchop":1,"minecraft:crafting_table":1,"minecraft:stick":20,"minecraft:cooked_chicken":2,"minecraft:wooden_pickaxe":1,"minecraft:stone_pickaxe":1,"minecraft:furnace":2,"minecraft:torch":16,"minecraft:stone_hoe":1,"minecraft:stone_axe":1,"minecraft:air":0},"minecraft:used":{"minecraft:wheat_seeds":1,"minecraft:stone_pickaxe":50,"minecraft:wooden_pickaxe":61,"minecraft:stone_hoe":1,"minecraft:cooked_chicken":2,"minecraft:torch":13,"minecraft:stone_axe":43,"minecraft:dirt":3,"minecraft:cobblestone":2,"minecraft:crafting_table":4,"minecraft:furnace":3,"minecraft:cooked_porkchop":1},"minecraft:custom":{"minecraft:time_since_rest":18423,"minecraft:interact_with_furnace":7,"minecraft:sprint_one_cm":26724,"minecraft:damage_taken":130,"minecraft:walk_one_cm":36790,"minecraft:mob_kills":7,"minecraft:drop":3,"minecraft:damage_dealt":681,"minecraft:interact_with_crafting_table":7,"minecraft:fly_one_cm":42885,"minecraft:open_chest":1,"minecraft:crouch_one_cm":1710,"minecraft:play_time":18423,"minecraft:sneak_time":1061,"minecraft:jump":295,"minecraft:leave_game":4,"minecraft:time_since_death":18423,"minecraft:total_world_time":18423,"minecraft:fall_one_cm":4900},"minecraft:broken":{"minecraft:wooden_pickaxe":1},"minecraft:dropped":{"minecraft:oak_sapling":3},"minecraft:killed":{"minecraft:zombie":1,"minecraft:pig":2,"minecraft:chicken":2,"minecraft:cow":2},"minecraft:picked_up":{"minecraft:crafting_table":4,"minecraft:raw_iron":1,"minecraft:feather":3,"minecraft:chicken":2,"minecraft:leather":2,"minecraft:torch":9,"minecraft:porkchop":4,"minecraft:oak_log":20,"minecraft:dirt":3,"minecraft:rotten_flesh":2,"minecraft:wheat_seeds":1,"minecraft:beef":1,"minecraft:oak_sapling":3,"minecraft:coal":60,"minecraft:egg":3,"minecraft:cobblestone":71,"minecraft:furnace":2},"minecraft:mined":{"minecraft:furnace":2,"minecraft:iron_ore":1,"minecraft:crafting_table":4,"minecraft:torch":3,"minecraft:short_grass":7,"minecraft:oak_log":20,"minecraft:grass_block":1,"minecraft:coal_ore":35,"minecraft:dirt":2,"minecraft:stone":71,"minecraft:oak_leaves":8,"minecraft:wall_torch":6}},"DataVersion":3955}