{"stats":{"minecraft:custom":{"minecraft:time_since_rest":2261,"minecraft:crouch_one_cm":745,"minecraft:sprint_one_cm":2044,"minecraft:play_time":2261,"minecraft:damage_taken":30,"minecraft:walk_one_cm":3713,"minecraft:sneak_time":430,"minecraft:jump":26,"minecraft:leave_game":2,"minecraft:time_since_death":2261,"minecraft:total_world_time":2261,"minecraft:interact_with_crafting_table":1,"minecraft:fall_one_cm":209,"minecraft:fly_one_cm":5233},"minecraft:picked_up":{"minecraft:oak_log":4,"minecraft:dirt":3,"minecraft:cobblestone":7},"minecraft:mined":{"minecraft:grass_block":1,"minecraft:oak_log":4,"minecraft:dirt":2,"minecraft:stone":7},"minecraft:used":{"minecraft:dirt":3,"minecraft:crafting_table":1,"minecraft:wooden_pickaxe":7},"minecraft:crafted":{"minecraft:oak_planks":16,"minecraft:crafting_table":1,"minecraft:stick":8,"minecraft:wooden_pickaxe":1}},"DataVersion":3955}