{"stats":{"minecraft:crafted":{"minecraft:cooked_beef":6,"minecraft:oak_planks":308,"minecraft:arrow":32,"minecraft:emerald":17,"minecraft:cooked_porkchop":4,"minecraft:crafting_table":2,"minecraft:spruce_planks":96,"minecraft:baked_potato":24,"minecraft:wooden_pickaxe":1,"minecraft:cooked_chicken":3,"minecraft:iron_sword":1,"minecraft:furnace":3,"minecraft:bucket":1,"minecraft:stone_axe":1,"minecraft:cooked_mutton":6,"minecraft:air":0,"minecraft:iron_boots":1,"minecraft:iron_chestplate":1,"minecraft:bow":1,"minecraft:shield":1,"minecraft:stick":540,"minecraft:iron_ingot":25,"minecraft:stone_pickaxe":1,"minecraft:iron_leggings":1,"minecraft:white_bed":1,"minecraft:torch":48,"minecraft:stone_hoe":1,"minecraft:smoker":1},"minecraft:used":{"minecraft:wheat_seeds":1,"minecraft:cooked_mutton":2,"minecraft:baked_potato":1,"minecraft:stone_pickaxe":50,"minecraft:oak_planks":5,"minecraft:spruce_planks":1,"minecraft:wooden_pickaxe":61,"minecraft:iron_sword":1,"minecraft:cooked_chicken":2,"minecraft:stone_hoe":1,"minecraft:rotten_flesh":1,"minecraft:iron_chestplate":1,"minecraft:torch":28,"minecraft:dirt":3,"minecraft:crafting_table":8,"minecraft:blast_furnace":1,"minecraft:white_bed":3,"minecraft:smoker":3,"minecraft:apple":2,"minecraft:iron_axe":173,"minecraft:iron_pickaxe":135,"minecraft:iron_helmet":1,"minecraft:iron_boots":1,"minecraft:stone_axe":48,"minecraft:cobblestone":2,"minecraft:furnace":3,"minecraft:cooked_porkchop":5,"minecraft:bucket":1,"minecraft:iron_leggings":1},"minecraft:custom":{"minecraft:interact_with_furnace":8,"minecraft:mob_kills":28,"minecraft:traded_with_villager":20,"minecraft:interact_with_crafting_table":17,"minecraft:leave_game":7,"minecraft:time_since_death":18899,"minecraft:sleep_in_bed":4,"minecraft:time_since_rest":8708,"minecraft:sprint_one_cm":108618,"minecraft:damage_taken":1374,"minecraft:walk_one_cm":124299,"minecraft:drop":5,"minecraft:damage_dealt":3200,"minecraft:swim_one_cm":4338,"minecraft:talked_to_villager":24,"minecraft:fly_one_cm":212699,"minecraft:open_chest":20,"minecraft:crouch_one_cm":2173,"minecraft:play_time":80426,"minecraft:deaths":3,"minecraft:sneak_time":1543,"minecraft:walk_under_water_one_cm":10129,"minecraft:jump":1164,"minecraft:interact_with_blast_furnace":9,"minecraft:walk_on_water_one_cm":14568,"minecraft:total_world_time":80426,"minecraft:interact_with_smoker":15,"minecraft:fall_one_cm":33069},"minecraft:broken":{"minecraft:wooden_pickaxe":1},"minecraft:dropped":{"minecraft:wheat":10,"minecraft:carrot":1,"minecraft:oak_sapling":3},"minecraft:killed_by":{"minecraft:creeper":1,"minecraft:zombie":1},"minecraft:killed":{"minecraft:pig":9,"minecraft:spider":1,"minecraft:skeleton":1,"minecraft:sheep":4,"minecraft:zombie":3,"minecraft:chicken":4,"minecraft:cow":6},"minecraft:picked_up":{"minecraft:crafting_table":8,"minecraft:feather":5,"minecraft:cooked_beef":5,"minecraft:chicken":6,"minecraft:clay_ball":16,"minecraft:andesite":3,"minecraft:leather":10,"minecraft:brown_mushroom":3,"minecraft:potato":152,"minecraft:smoker":4,"minecraft:oak_log":113,"minecraft:dirt":43,"minecraft:iron_axe":4,"minecraft:apple":16,"minecraft:bow":2,"minecraft:wheat_seeds":1,"minecraft:spruce_planks":1,"minecraft:beef":13,"minecraft:cooked_chicken":1,"minecraft:iron_pickaxe":2,"minecraft:sugar_cane":26,"minecraft:oak_planks":121,"minecraft:egg":5,"minecraft:furnace":2,"minecraft:stick":18,"minecraft:raw_iron":26,"minecraft:cooked_porkchop":11,"minecraft:torch":22,"minecraft:porkchop":32,"minecraft:diorite":1,"minecraft:carrot":1,"minecraft:blast_furnace":2,"minecraft:white_bed":3,"minecraft:spruce_log":24,"minecraft:spider_eye":1,"minecraft:arrow":69,"minecraft:rotten_flesh":4,"minecraft:iron_helmet":2,"minecraft:emerald":19,"minecraft:baked_potato":1,"minecraft:oak_sapling":3,"minecraft:mutton":12,"minecraft:coal":137,"minecraft:white_wool":5,"minecraft:cobblestone":193},"minecraft:mined":{"minecraft:spruce_planks":1,"minecraft:brown_mushroom":3,"minecraft:white_bed":2,"minecraft:smoker":3,"minecraft:clay":4,"minecraft:crafting_table":7,"minecraft:torch":7,"minecraft:short_grass":9,"minecraft:blast_furnace":1,"minecraft:grass_block":5,"minecraft:tall_grass":1,"minecraft:cobblestone":8,"minecraft:sugar_cane":5,"minecraft:oak_planks":6,"minecraft:diorite":1,"minecraft:wall_torch":13,"minecraft:furnace":2,"minecraft:iron_ore":26,"minecraft:andesite":1,"minecraft:spruce_log":25,"minecraft:birch_leaves":1,"minecraft:oak_log":101,"minecraft:coal_ore":72,"minecraft:dirt":5,"minecraft:stone":129,"minecraft:oak_leaves":11}},"DataVersion":3955}