{"stats":{"minecraft:mined":{"minecraft:furnace":2,"minecraft:iron_ore":24,"minecraft:andesite":3,"minecraft:crafting_table":3,"minecraft:torch":1,"minecraft:granite":23,"minecraft:coal_ore":21,"minecraft:oak_log":10,"minecraft:grass_block":2,"minecraft:dirt":13,"minecraft:stone":133,"minecraft:oak_leaves":1,"minecraft:wall_torch":1},"minecraft:broken":{"minecraft:wooden_pickaxe":1},"minecraft:custom":{"minecraft:time_since_rest":88826,"minecraft:interact_with_furnace":15,"minecraft:sprint_one_cm":11432,"minecraft:damage_taken":25,"minecraft:walk_one_cm":37873,"minecraft:damage_blocked_by_shield":85,"minecraft:mob_kills":2,"minecraft:damage_dealt":401,"minecraft:interact_with_crafting_table":9,"minecraft:fly_one_cm":6058,"minecraft:crouch_one_cm":1823,"minecraft:play_time":88826,"minecraft:sneak_time":677,"minecraft:jump":154,"minecraft:time_since_death":88826,"minecraft:total_world_time":88826,"minecraft:fall_one_cm":2810},"minecraft:used":{"minecraft:oak_log":1,"minecraft:stone_pickaxe":123,"minecraft:iron_pickaxe":25,"minecraft:shield":3,"minecraft:iron_helmet":1,"minecraft:wooden_pickaxe":59,"minecraft:iron_sword":4,"minecraft:iron_boots":1,"minecraft:rotten_flesh":2,"minecraft:iron_chestplate":1,"minecraft:stone_axe":7,"minecraft:torch":1,"minecraft:dirt":12,"minecraft:cobblestone":15,"minecraft:crafting_table":3,"minecraft:furnace":1},"minecraft:picked_up":{"minecraft:crafting_table":3,"minecraft:raw_iron":24,"minecraft:andesite":3,"minecraft:torch":2,"minecraft:oak_log":10,"minecraft:dirt":15,"minecraft:bone":1,"minecraft:rotten_flesh":2,"minecraft:iron_ingot":1,"minecraft:granite":22,"minecraft:coal":39,"minecraft:cobblestone":132,"minecraft:furnace":2},"minecraft:crafted":{"minecraft:oak_planks":36,"minecraft:iron_boots":1,"minecraft:iron_chestplate":1,"minecraft:shield":1,"minecraft:crafting_table":1,"minecraft:stick":12,"minecraft:iron_helmet":1,"minecraft:iron_pickaxe":1,"minecraft:iron_ingot":23,"minecraft:wooden_pickaxe":1,"minecraft:stone_pickaxe":1,"minecraft:iron_sword":1,"minecraft:stone_axe":1,"minecraft:air":0},"minecraft:killed":{"minecraft:skeleton":1,"minecraft:zombie":1}},"DataVersion":3955}