{"stats":{"minecraft:mined":{"minecraft:grass_block":1,"minecraft:oak_log":10,"minecraft:oak_leaves":1,"minecraft:dirt":10},"minecraft:custom":{"minecraft:jump":24,"minecraft:time_since_rest":46826,"minecraft:sprint_one_cm":5672,"minecraft:play_time":46826,"minecraft:time_since_death":46826,"minecraft:walk_one_cm":2212,"minecraft:sneak_time":56,"minecraft:total_world_time":46826,"minecraft:fall_one_cm":629,"minecraft:fly_one_cm":2668},"minecraft:used":{"minecraft:oak_log":1,"minecraft:dirt":9},"minecraft:picked_up":{"minecraft:oak_log":10,"minecraft:dirt":11}},"DataVersion":3955}