{"stats":{"minecraft:mined":{"minecraft:brown_mushroom":3,"minecraft:white_bed":1,"minecraft:mossy_cobblestone":11,"minecraft:smoker":3,"minecraft:crafting_table":8,"minecraft:torch":1,"minecraft:cave_vines_plant":1,"minecraft:granite":29,"minecraft:short_grass":6,"minecraft:grass_block":3,"minecraft:cobblestone":3,"minecraft:sugar_cane":13,"minecraft:wall_torch":2,"minecraft:furnace":2,"minecraft:iron_ore":29,"minecraft:andesite":3,"minecraft:birch_leaves":2,"minecraft:oak_log":36,"minecraft:coal_ore":26,"minecraft:dirt":17,"minecraft:stone":155,"minecraft:oak_leaves":1},"minecraft:broken":{"minecraft:wooden_pickaxe":1},"minecraft:custom":{"minecraft:interact_with_furnace":15,"minecraft:mob_kills":16,"minecraft:interact_with_crafting_table":14,"minecraft:time_since_death":112826,"minecraft:sleep_in_bed":1,"minecraft:time_since_rest":14762,"minecraft:sprint_one_cm":45211,"minecraft:damage_taken":181,"minecraft:walk_one_cm":95903,"minecraft:damage_blocked_by_shield":145,"minecraft:drop":2,"minecraft:damage_dealt":1441,"minecraft:swim_one_cm":4898,"minecraft:talked_to_villager":2,"minecraft:fly_one_cm":76375,"minecraft:open_chest":2,"minecraft:crouch_one_cm":2356,"minecraft:play_time":112826,"minecraft:sneak_time":958,"minecraft:walk_under_water_one_cm":5265,"minecraft:boat_one_cm":258359,"minecraft:jump":575,"minecraft:walk_on_water_one_cm":7747,"minecraft:total_world_time":112826,"minecraft:interact_with_smoker":9,"minecraft:fall_one_cm":14472},"minecraft:used":{"minecraft:cooked_mutton":4,"minecraft:stone_pickaxe":128,"minecraft:wooden_pickaxe":59,"minecraft:shield":5,"minecraft:iron_sword":31,"minecraft:rotten_flesh":2,"minecraft:iron_chestplate":1,"minecraft:torch":1,"minecraft:dirt":12,"minecraft:crafting_table":8,"minecraft:white_bed":1,"minecraft:smoker":3,"minecraft:oak_log":1,"minecraft:iron_pickaxe":78,"minecraft:iron_helmet":1,"minecraft:iron_boots":1,"minecraft:stone_axe":40,"minecraft:cobblestone":66,"minecraft:furnace":1,"minecraft:oak_boat":1},"minecraft:dropped":{"minecraft:dirt":8,"minecraft:andesite":3},"minecraft:picked_up":{"minecraft:crafting_table":8,"minecraft:feather":1,"minecraft:chicken":1,"minecraft:andesite":3,"minecraft:brown_mushroom":3,"minecraft:smoker":3,"minecraft:oak_log":35,"minecraft:dirt":20,"minecraft:cooked_mutton":1,"minecraft:bone":1,"minecraft:iron_ingot":1,"minecraft:oak_boat":1,"minecraft:sugar_cane":34,"minecraft:furnace":2,"minecraft:raw_iron":29,"minecraft:torch":4,"minecraft:white_bed":1,"minecraft:mossy_cobblestone":11,"minecraft:rotten_flesh":2,"minecraft:granite":29,"minecraft:glow_berries":2,"minecraft:mutton":20,"minecraft:coal":89,"minecraft:cobblestone":155,"minecraft:white_wool":11},"minecraft:crafted":{"minecraft:oak_planks":48,"minecraft:crafting_table":1,"minecraft:wooden_pickaxe":1,"minecraft:iron_helmet":1,"minecraft:iron_sword":1,"minecraft:stone_axe":1,"minecraft:cooked_mutton":14,"minecraft:air":0,"minecraft:oak_boat":1,"minecraft:iron_boots":1,"minecraft:iron_chestplate":1,"minecraft:shield":1,"minecraft:stick":12,"minecraft:iron_ingot":23,"minecraft:iron_pickaxe":1,"minecraft:stone_pickaxe":1,"minecraft:white_bed":1,"minecraft:smoker":1},"minecraft:killed":{"minecraft:sheep":13,"minecraft:skeleton":1,"minecraft:zombie":1,"minecraft:chicken":1}},"DataVersion":3955}