{"stats":{"minecraft:mined":{"minecraft:deepslate_redstone_ore":5,"minecraft:diamond_ore":2,"minecraft:brown_mushroom":3,"minecraft:white_bed":1,"minecraft:mossy_cobblestone":11,"minecraft:deepslate_diamond_ore":9,"minecraft:smoker":3,"minecraft:crafting_table":8,"minecraft:torch":1,"minecraft:cave_vines_plant":1,"minecraft:granite":29,"minecraft:short_grass":6,"minecraft:grass_block":3,"minecraft:cobblestone":5,"minecraft:deepslate_gold_ore":5,"minecraft:lapis_ore":1,"minecraft:moss_block":1,"minecraft:sugar_cane":13,"minecraft:wall_torch":2,"minecraft:redstone_ore":2,"minecraft:furnace":2,"minecraft:iron_ore":63,"minecraft:andesite":3,"minecraft:birch_leaves":2,"minecraft:oak_log":36,"minecraft:coal_ore":26,"minecraft:cave_vines":1,"minecraft:deepslate_iron_ore":15,"minecraft:dirt":17,"minecraft:stone":162,"minecraft:deepslate":12,"minecraft:oak_leaves":1},"minecraft:custom":{"minecraft:interact_with_furnace":29,"minecraft:mob_kills":22,"minecraft:interact_with_crafting_table":18,"minecraft:leave_game":1,"minecraft:time_since_death":126889,"minecraft:sleep_in_bed":1,"minecraft:climb_one_cm":603,"minecraft:time_since_rest":28825,"minecraft:sprint_one_cm":56700,"minecraft:damage_taken":350,"minecraft:walk_one_cm":146121,"minecraft:damage_blocked_by_shield":320,"minecraft:drop":4,"minecraft:damage_dealt":2585,"minecraft:swim_one_cm":7966,"minecraft:talked_to_villager":2,"minecraft:fly_one_cm":86002,"minecraft:open_chest":2,"minecraft:crouch_one_cm":4817,"minecraft:play_time":126889,"minecraft:sneak_time":2089,"minecraft:walk_under_water_one_cm":11858,"minecraft:boat_one_cm":258359,"minecraft:jump":853,"minecraft:walk_on_water_one_cm":16049,"minecraft:total_world_time":126889,"minecraft:interact_with_smoker":13,"minecraft:fall_one_cm":19641},"minecraft:broken":{"minecraft:stone_pickaxe":1,"minecraft:wooden_pickaxe":1},"minecraft:used":{"minecraft:cooked_mutton":7,"minecraft:water_bucket":3,"minecraft:stone_pickaxe":132,"minecraft:wooden_pickaxe":59,"minecraft:shield":13,"minecraft:iron_sword":57,"minecraft:rotten_flesh":2,"minecraft:iron_chestplate":1,"minecraft:torch":1,"minecraft:dirt":12,"minecraft:crafting_table":9,"minecraft:white_bed":1,"minecraft:smoker":4,"minecraft:oak_log":1,"minecraft:iron_pickaxe":169,"minecraft:iron_helmet":1,"minecraft:iron_boots":1,"minecraft:stone_axe":40,"minecraft:cobblestone":101,"minecraft:furnace":2,"minecraft:bucket":3,"minecraft:oak_boat":1,"minecraft:iron_leggings":1},"minecraft:dropped":{"minecraft:granite":29,"minecraft:dirt":8,"minecraft:andesite":3,"minecraft:flowering_azalea":1},"minecraft:picked_up":{"minecraft:crafting_table":8,"minecraft:feather":1,"minecraft:chicken":1,"minecraft:clay_ball":3,"minecraft:andesite":3,"minecraft:brown_mushroom":3,"minecraft:smoker":3,"minecraft:oak_log":35,"minecraft:lapis_lazuli":4,"minecraft:dirt":20,"minecraft:cooked_mutton":1,"minecraft:bone":4,"minecraft:raw_gold":5,"minecraft:iron_ingot":1,"minecraft:oak_boat":1,"minecraft:moss_block":1,"minecraft:sugar_cane":34,"minecraft:flowering_azalea":1,"minecraft:furnace":2,"minecraft:raw_iron":78,"minecraft:torch":4,"minecraft:white_bed":1,"minecraft:redstone":18,"minecraft:mossy_cobblestone":11,"minecraft:arrow":2,"minecraft:rotten_flesh":4,"minecraft:diamond":11,"minecraft:granite":29,"minecraft:glow_berries":3,"minecraft:mutton":20,"minecraft:coal":89,"minecraft:cobblestone":164,"minecraft:white_wool":11},"minecraft:crafted":{"minecraft:oak_planks":120,"minecraft:crafting_table":1,"minecraft:wooden_pickaxe":1,"minecraft:iron_helmet":1,"minecraft:iron_sword":1,"minecraft:furnace":1,"minecraft:bucket":1,"minecraft:stone_axe":1,"minecraft:cooked_mutton":18,"minecraft:air":0,"minecraft:oak_boat":1,"minecraft:iron_boots":1,"minecraft:iron_chestplate":1,"minecraft:shield":1,"minecraft:stick":12,"minecraft:iron_ingot":46,"minecraft:iron_pickaxe":1,"minecraft:stone_pickaxe":1,"minecraft:iron_leggings":1,"minecraft:white_bed":1,"minecraft:smoker":1},"minecraft:killed":{"minecraft:sheep":13,"minecraft:skeleton":3,"minecraft:zombie":5,"minecraft:chicken":1}},"DataVersion":3955}