{"stats":{"minecraft:mined":{"minecraft:white_bed":1,"minecraft:smoker":3,"minecraft:crafting_table":8,"minecraft:torch":1,"minecraft:granite":29,"minecraft:short_grass":6,"minecraft:grass_block":3,"minecraft:sugar_cane":13,"minecraft:wall_torch":2,"minecraft:furnace":2,"minecraft:iron_ore":28,"minecraft:andesite":3,"minecraft:birch_leaves":2,"minecraft:oak_log":36,"minecraft:coal_ore":21,"minecraft:dirt":17,"minecraft:stone":151,"minecraft:oak_leaves":1},"minecraft:broken":{"minecraft:wooden_pickaxe":1},"minecraft:custom":{"minecraft:interact_with_furnace":15,"minecraft:mob_kills":16,"minecraft:interact_with_crafting_table":14,"minecraft:time_since_death":100826,"minecraft:sleep_in_bed":1,"minecraft:time_since_rest":2762,"minecraft:sprint_one_cm":41299,"minecraft:damage_taken":97,"minecraft:walk_one_cm":79216,"minecraft:damage_blocked_by_shield":145,"minecraft:damage_dealt":1441,"minecraft:talked_to_villager":2,"minecraft:fly_one_cm":67735,"minecraft:crouch_one_cm":1971,"minecraft:play_time":100826,"minecraft:sneak_time":736,"minecraft:walk_under_water_one_cm":635,"minecraft:boat_one_cm":9745,"minecraft:jump":489,"minecraft:walk_on_water_one_cm":1420,"minecraft:total_world_time":100826,"minecraft:interact_with_smoker":9,"minecraft:fall_one_cm":12583},"minecraft:used":{"minecraft:cooked_mutton":3,"minecraft:stone_pickaxe":128,"minecraft:wooden_pickaxe":59,"minecraft:shield":5,"minecraft:iron_sword":31,"minecraft:rotten_flesh":2,"minecraft:iron_chestplate":1,"minecraft:torch":1,"minecraft:dirt":12,"minecraft:crafting_table":8,"minecraft:white_bed":1,"minecraft:smoker":3,"minecraft:oak_log":1,"minecraft:iron_pickaxe":54,"minecraft:iron_helmet":1,"minecraft:iron_boots":1,"minecraft:stone_axe":40,"minecraft:cobblestone":55,"minecraft:furnace":1,"minecraft:oak_boat":1},"minecraft:picked_up":{"minecraft:crafting_table":8,"minecraft:feather":1,"minecraft:chicken":1,"minecraft:andesite":3,"minecraft:smoker":3,"minecraft:oak_log":35,"minecraft:dirt":20,"minecraft:cooked_mutton":1,"minecraft:bone":1,"minecraft:iron_ingot":1,"minecraft:sugar_cane":34,"minecraft:furnace":2,"minecraft:raw_iron":28,"minecraft:torch":4,"minecraft:white_bed":1,"minecraft:rotten_flesh":2,"minecraft:granite":29,"minecraft:mutton":20,"minecraft:coal":85,"minecraft:cobblestone":150,"minecraft:white_wool":11},"minecraft:crafted":{"minecraft:oak_planks":48,"minecraft:crafting_table":1,"minecraft:wooden_pickaxe":1,"minecraft:iron_helmet":1,"minecraft:iron_sword":1,"minecraft:stone_axe":1,"minecraft:cooked_mutton":14,"minecraft:air":0,"minecraft:oak_boat":1,"minecraft:iron_boots":1,"minecraft:iron_chestplate":1,"minecraft:shield":1,"minecraft:stick":12,"minecraft:iron_ingot":23,"minecraft:iron_pickaxe":1,"minecraft:stone_pickaxe":1,"minecraft:white_bed":1,"minecraft:smoker":1},"minecraft:killed":{"minecraft:sheep":13,"minecraft:skeleton":1,"minecraft:zombie":1,"minecraft:chicken":1}},"DataVersion":3955}