{"stats":{"minecraft:mined":{"minecraft:oak_log":10,"minecraft:oak_leaves":1,"minecraft:dirt":8},"minecraft:custom":{"minecraft:jump":15,"minecraft:time_since_rest":22826,"minecraft:sprint_one_cm":5672,"minecraft:play_time":22826,"minecraft:time_since_death":22826,"minecraft:walk_one_cm":1983,"minecraft:sneak_time":56,"minecraft:total_world_time":22826,"minecraft:fall_one_cm":629,"minecraft:fly_one_cm":2668},"minecraft:used":{"minecraft:oak_log":1,"minecraft:dirt":5},"minecraft:picked_up":{"minecraft:oak_log":10,"minecraft:dirt":8}},"DataVersion":3955}