{"stats":{"minecraft:crafted":{"minecraft:oak_planks":728,"minecraft:stone_shovel":4,"minecraft:bone_meal":36,"minecraft:white_carpet":3,"minecraft:oak_trapdoor":4,"minecraft:iron_axe":3,"minecraft:stone_pickaxe":5,"minecraft:chest":2,"minecraft:stone_hoe":2,"minecraft:wheat":585,"minecraft:oak_slab":60,"minecraft:emerald":58,"minecraft:crafting_table":3,"minecraft:spruce_planks":408,"minecraft:wooden_pickaxe":1,"minecraft:iron_sword":1,"minecraft:fletching_table":4,"minecraft:stone_axe":1,"minecraft:bread":84,"minecraft:air":0,"minecraft:oak_boat":1,"minecraft:shield":1,"minecraft:stick":1922,"minecraft:stone_sword":1,"minecraft:white_bed":11,"minecraft:torch":20,"minecraft:shears":1},"minecraft:used":{"minecraft:oak_fence":6,"minecraft:oak_trapdoor":4,"minecraft:stone_sword":133,"minecraft:stone_shovel":457,"minecraft:poppy":1,"minecraft:chest":2,"minecraft:shield":7,"minecraft:iron_sword":29,"minecraft:bell":2,"minecraft:stone_hoe":173,"minecraft:torch":31,"minecraft:dirt":309,"minecraft:white_carpet":1,"minecraft:carrot":87,"minecraft:azure_bluet":1,"minecraft:obsidian":4,"minecraft:wooden_axe":24,"minecraft:lava_bucket":9,"minecraft:iron_axe":418,"minecraft:grass_block":1,"minecraft:beef":3,"minecraft:water_bucket":52,"minecraft:stone_pickaxe":495,"minecraft:oak_planks":31,"minecraft:wooden_pickaxe":6,"minecraft:composter":6,"minecraft:fletching_table":4,"minecraft:sugar_cane":85,"minecraft:oak_slab":50,"minecraft:crafting_table":5,"minecraft:white_bed":53,"minecraft:shears":13,"minecraft:oak_log":1,"minecraft:bread":41,"minecraft:spruce_sapling":15,"minecraft:stone_axe":89,"minecraft:cobblestone":58,"minecraft:bucket":58,"minecraft:yellow_bed":2,"minecraft:oak_boat":2,"minecraft:bone_meal":22},"minecraft:custom":{"minecraft:mob_kills":52,"minecraft:animals_bred":20,"minecraft:interact_with_crafting_table":41,"minecraft:bell_ring":83,"minecraft:leave_game":12,"minecraft:time_since_death":69108,"minecraft:sprint_one_cm":463366,"minecraft:walk_one_cm":301341,"minecraft:damage_blocked_by_shield":130,"minecraft:drop":58,"minecraft:talked_to_villager":24,"minecraft:play_time":203127,"minecraft:deaths":1,"minecraft:sneak_time":15779,"minecraft:walk_under_water_one_cm":16686,"minecraft:boat_one_cm":129065,"minecraft:jump":2591,"minecraft:walk_on_water_one_cm":35195,"minecraft:total_world_time":203127,"minecraft:interact_with_furnace":3,"minecraft:traded_with_villager":58,"minecraft:sleep_in_bed":6,"minecraft:time_since_rest":23134,"minecraft:damage_taken":1551,"minecraft:damage_dealt":12892,"minecraft:swim_one_cm":6043,"minecraft:fly_one_cm":784283,"minecraft:player_kills":2,"minecraft:open_chest":45,"minecraft:crouch_one_cm":63373,"minecraft:fall_one_cm":54223},"minecraft:broken":{"minecraft:stone_sword":1,"minecraft:stone_pickaxe":3,"minecraft:iron_axe":1,"minecraft:wooden_axe":1,"minecraft:stone_shovel":2},"minecraft:dropped":{"minecraft:bread":14,"minecraft:cobblestone":6,"minecraft:stick":24,"minecraft:white_wool":33,"minecraft:stone_axe":1,"minecraft:stone_sword":2,"minecraft:wheat":200,"minecraft:obsidian":1,"minecraft:beetroot":1,"minecraft:oak_planks":36,"minecraft:white_bed":11,"minecraft:recovery_compass":1,"minecraft:poppy":1},"minecraft:killed":{"minecraft:spider":2,"minecraft:skeleton":12,"minecraft:pig":1,"minecraft:iron_golem":4,"minecraft:wandering_trader":1,"minecraft:creeper":1,"minecraft:trader_llama":2,"minecraft:zombie":21,"minecraft:enderman":2,"minecraft:cow":2},"minecraft:picked_up":{"minecraft:wooden_axe":1,"minecraft:crafting_table":3,"minecraft:wheat":41,"minecraft:azure_bluet":3,"minecraft:lead":2,"minecraft:cornflower":2,"minecraft:oak_trapdoor":3,"minecraft:string":5,"minecraft:raw_copper":14,"minecraft:beetroot":4,"minecraft:beef":4,"minecraft:oak_boat":2,"minecraft:poppy":5,"minecraft:lectern":2,"minecraft:sugar_cane":85,"minecraft:stick":45,"minecraft:composter":8,"minecraft:oak_fence":15,"minecraft:torch":20,"minecraft:porkchop":1,"minecraft:carrot":110,"minecraft:stone_sword":2,"minecraft:arrow":8,"minecraft:rotten_flesh":20,"minecraft:beetroot_seeds":8,"minecraft:hay_block":80,"minecraft:white_wool":101,"minecraft:cobblestone":441,"minecraft:oxeye_daisy":2,"minecraft:stripped_oak_log":3,"minecraft:feather":1,"minecraft:leather":3,"minecraft:potato":59,"minecraft:flint":14,"minecraft:oak_log":177,"minecraft:yellow_bed":2,"minecraft:gunpowder":2,"minecraft:dirt":365,"minecraft:bone":14,"minecraft:bow":1,"minecraft:wheat_seeds":170,"minecraft:bell":3,"minecraft:iron_ingot":15,"minecraft:stripped_oak_wood":3,"minecraft:oak_planks":49,"minecraft:book":24,"minecraft:dandelion":11,"minecraft:gravel":70,"minecraft:stripped_spruce_log":1,"minecraft:spruce_sapling":22,"minecraft:spruce_log":241,"minecraft:white_bed":53,"minecraft:grass_block":1,"minecraft:spider_eye":1,"minecraft:stone_axe":1,"minecraft:short_grass":12,"minecraft:emerald":1,"minecraft:bread":5,"minecraft:coal":32,"minecraft:ender_pearl":2},"minecraft:mined":{"minecraft:white_bed":42,"minecraft:grass_block":175,"minecraft:spruce_leaves":23,"minecraft:composter":8,"minecraft:oxeye_daisy":2,"minecraft:hay_block":80,"minecraft:oak_trapdoor":3,"minecraft:spruce_sapling":3,"minecraft:carrots":56,"minecraft:stripped_spruce_log":1,"minecraft:azure_bluet":2,"minecraft:bell":3,"minecraft:bookshelf":8,"minecraft:potatoes":17,"minecraft:dirt_path":52,"minecraft:stripped_oak_log":3,"minecraft:stone":405,"minecraft:dandelion":9,"minecraft:oak_fence":15,"minecraft:crafting_table":3,"minecraft:cornflower":3,"minecraft:short_grass":48,"minecraft:lectern":2,"minecraft:tall_grass":11,"minecraft:copper_ore":4,"minecraft:cobblestone":34,"minecraft:sugar_cane":48,"minecraft:oak_planks":15,"minecraft:wall_torch":4,"minecraft:wheat":77,"minecraft:sweet_berry_bush":1,"minecraft:spruce_log":248,"minecraft:stripped_oak_wood":3,"minecraft:yellow_bed":2,"minecraft:oak_log":177,"minecraft:coal_ore":32,"minecraft:beetroots":3,"minecraft:gravel":87,"minecraft:dirt":138,"minecraft:stonecutter":1,"minecraft:fern":1}},"DataVersion":3955}