{"stats":{"minecraft:used":{"minecraft:brown_terracotta":1,"minecraft:netherite_sword":4,"minecraft:red_sand":1,"minecraft:terracotta":2,"minecraft:potion":1,"born_in_chaos_v1:ethereal_spirit":2,"minecraft:red_terracotta":4,"minecraft:stone":20},"minecraft:picked_up":{"born_in_chaos_v1:ethereal_spirit":1,"minecraft:potion":1,"born_in_chaos_v1:dark_rod":2,"minecraft:gunpowder":2},"minecraft:custom":{"minecraft:open_chest":2,"minecraft:time_since_rest":17435,"minecraft:crouch_one_cm":63,"minecraft:play_time":17435,"minecraft:sprint_one_cm":5958,"minecraft:walk_one_cm":2403,"minecraft:sneak_time":254,"minecraft:walk_under_water_one_cm":199,"minecraft:mob_kills":1,"minecraft:drop":1,"minecraft:jump":56,"minecraft:damage_dealt":450,"minecraft:time_since_death":17435,"minecraft:walk_on_water_one_cm":462,"minecraft:total_world_time":17435,"minecraft:fall_one_cm":269,"minecraft:fly_one_cm":123984},"minecraft:dropped":{"minecraft:potion":1},"minecraft:killed":{"born_in_chaos_v1:dark_vortex":1}},"DataVersion":3465}