{"stats":{"minecraft:crafted":{"minecraft:oak_planks":744,"minecraft:stone_shovel":4,"minecraft:furnace":4,"minecraft:bone_meal":36,"minecraft:white_carpet":3,"minecraft:oak_trapdoor":4,"minecraft:iron_axe":4,"minecraft:stone_pickaxe":5,"minecraft:chest":4,"minecraft:spruce_boat":1,"minecraft:stone_hoe":12,"minecraft:wheat":585,"minecraft:oak_slab":60,"minecraft:emerald":100,"minecraft:crafting_table":4,"minecraft:spruce_planks":1096,"minecraft:wooden_pickaxe":1,"minecraft:iron_sword":1,"minecraft:spruce_door":6,"minecraft:smithing_table":1,"minecraft:fletching_table":4,"minecraft:stone_axe":1,"minecraft:bread":84,"minecraft:air":0,"minecraft:oak_boat":1,"minecraft:shield":1,"minecraft:stick":3279,"minecraft:iron_pickaxe":1,"minecraft:stone_sword":1,"minecraft:white_bed":11,"minecraft:torch":20,"minecraft:shears":1},"minecraft:used":{"minecraft:oak_trapdoor":4,"minecraft:oak_fence":6,"minecraft:stone_sword":133,"minecraft:stone_shovel":457,"minecraft:poppy":1,"minecraft:chest":4,"minecraft:shield":12,"minecraft:iron_sword":108,"minecraft:bell":2,"minecraft:stone_hoe":173,"minecraft:torch":36,"minecraft:dirt":309,"minecraft:white_carpet":1,"minecraft:carrot":87,"minecraft:azure_bluet":1,"minecraft:obsidian":4,"minecraft:spruce_boat":1,"minecraft:wooden_axe":24,"minecraft:lava_bucket":9,"minecraft:iron_axe":672,"minecraft:grass_block":1,"minecraft:beef":3,"minecraft:furnace":7,"minecraft:water_bucket":74,"minecraft:spruce_door":3,"minecraft:stone_pickaxe":495,"minecraft:oak_planks":45,"minecraft:sugar_cane":85,"minecraft:wooden_pickaxe":6,"minecraft:composter":6,"minecraft:fletching_table":8,"minecraft:oak_slab":50,"minecraft:crafting_table":8,"minecraft:white_bed":53,"minecraft:shears":13,"minecraft:oak_log":1,"minecraft:bread":58,"minecraft:iron_pickaxe":197,"minecraft:spruce_sapling":23,"minecraft:stone_axe":89,"minecraft:cobblestone":175,"minecraft:smithing_table":1,"minecraft:bucket":80,"minecraft:yellow_bed":2,"minecraft:oak_boat":6,"minecraft:bone_meal":27},"minecraft:custom":{"minecraft:mob_kills":74,"minecraft:animals_bred":20,"minecraft:interact_with_crafting_table":49,"minecraft:bell_ring":83,"minecraft:leave_game":13,"minecraft:time_since_death":104713,"minecraft:sprint_one_cm":558999,"minecraft:walk_one_cm":360863,"minecraft:damage_blocked_by_shield":280,"minecraft:drop":130,"minecraft:talked_to_villager":40,"minecraft:play_time":238732,"minecraft:sneak_time":24060,"minecraft:deaths":1,"minecraft:walk_under_water_one_cm":28207,"minecraft:boat_one_cm":133317,"minecraft:jump":3501,"minecraft:walk_on_water_one_cm":45111,"minecraft:total_world_time":238732,"minecraft:interact_with_furnace":10,"minecraft:traded_with_villager":110,"minecraft:sleep_in_bed":7,"minecraft:time_since_rest":7962,"minecraft:damage_taken":2357,"minecraft:damage_dealt":18779,"minecraft:player_kills":2,"minecraft:swim_one_cm":45602,"minecraft:fly_one_cm":906633,"minecraft:open_chest":56,"minecraft:crouch_one_cm":81662,"minecraft:fall_one_cm":74987},"minecraft:broken":{"minecraft:stone_sword":1,"minecraft:stone_pickaxe":3,"minecraft:iron_axe":1,"minecraft:wooden_axe":1,"minecraft:stone_shovel":2},"minecraft:dropped":{"minecraft:stone_hoe":11,"minecraft:iron_ingot":1,"minecraft:bread":14,"minecraft:wheat_seeds":1,"minecraft:feather":2,"minecraft:cobblestone":368,"minecraft:spruce_door":2,"minecraft:stick":1400,"minecraft:iron_pickaxe":1,"minecraft:white_wool":33,"minecraft:spruce_sapling":10,"minecraft:stone_axe":1,"minecraft:stone_sword":2,"minecraft:wheat":200,"minecraft:obsidian":1,"minecraft:beetroot":1,"minecraft:rotten_flesh":6,"minecraft:oak_planks":38,"minecraft:white_bed":11,"minecraft:recovery_compass":1,"minecraft:poppy":4,"minecraft:bow":1,"minecraft:stone_pickaxe":1,"minecraft:egg":1},"minecraft:killed":{"minecraft:spider":5,"minecraft:skeleton":17,"minecraft:pig":1,"minecraft:iron_golem":6,"minecraft:wandering_trader":1,"minecraft:creeper":2,"minecraft:trader_llama":2,"minecraft:zombie":31,"minecraft:cow":2,"minecraft:enderman":2},"minecraft:picked_up":{"minecraft:wooden_axe":1,"minecraft:crafting_table":4,"minecraft:wheat":41,"minecraft:azure_bluet":3,"minecraft:lead":2,"minecraft:cornflower":2,"minecraft:string":11,"minecraft:oak_trapdoor":3,"minecraft:raw_copper":14,"minecraft:beetroot":4,"minecraft:cobbled_deepslate":48,"minecraft:beef":4,"minecraft:oak_boat":5,"minecraft:poppy":8,"minecraft:iron_pickaxe":1,"minecraft:lectern":2,"minecraft:sugar_cane":85,"minecraft:furnace":3,"minecraft:egg":1,"minecraft:stick":1289,"minecraft:raw_iron":67,"minecraft:composter":8,"minecraft:oak_fence":15,"minecraft:torch":22,"minecraft:porkchop":1,"minecraft:carrot":110,"minecraft:stone_sword":2,"minecraft:arrow":10,"minecraft:rotten_flesh":34,"minecraft:beetroot_seeds":8,"minecraft:hay_block":80,"minecraft:cobblestone":823,"minecraft:white_wool":101,"minecraft:oxeye_daisy":2,"minecraft:stripped_oak_log":3,"minecraft:feather":2,"minecraft:leather":3,"minecraft:potato":59,"minecraft:flint":14,"minecraft:tuff":1,"minecraft:oak_log":181,"minecraft:yellow_bed":2,"minecraft:gunpowder":3,"minecraft:lapis_lazuli":106,"minecraft:dirt":385,"minecraft:bone":18,"minecraft:bow":2,"minecraft:wheat_seeds":174,"minecraft:raw_gold":18,"minecraft:bell":3,"minecraft:iron_ingot":24,"minecraft:stripped_oak_wood":3,"minecraft:fletching_table":4,"minecraft:stone_hoe":10,"minecraft:oak_planks":65,"minecraft:book":24,"minecraft:dandelion":11,"minecraft:gravel":70,"minecraft:stripped_spruce_log":1,"minecraft:spruce_sapling":60,"minecraft:grass_block":1,"minecraft:white_bed":53,"minecraft:spruce_log":468,"minecraft:spider_eye":1,"minecraft:stone_axe":1,"minecraft:short_grass":12,"minecraft:emerald":1,"minecraft:bread":5,"minecraft:coal":48,"minecraft:ender_pearl":2},"minecraft:mined":{"minecraft:tuff":5,"minecraft:white_bed":42,"minecraft:granite":1,"minecraft:grass_block":175,"minecraft:spruce_leaves":23,"minecraft:composter":8,"minecraft:oxeye_daisy":2,"minecraft:hay_block":80,"minecraft:oak_trapdoor":3,"minecraft:furnace":3,"minecraft:spruce_sapling":3,"minecraft:carrots":56,"minecraft:iron_ore":53,"minecraft:stripped_spruce_log":1,"minecraft:fletching_table":4,"minecraft:azure_bluet":2,"minecraft:bell":3,"minecraft:bookshelf":8,"minecraft:potatoes":17,"minecraft:deepslate_iron_ore":14,"minecraft:dirt_path":52,"minecraft:stripped_oak_log":3,"minecraft:stone":425,"minecraft:dandelion":9,"minecraft:oak_fence":15,"minecraft:crafting_table":4,"minecraft:cornflower":3,"minecraft:short_grass":56,"minecraft:lectern":2,"minecraft:tall_grass":21,"minecraft:copper_ore":4,"minecraft:cobblestone":34,"minecraft:lapis_ore":17,"minecraft:deepslate_gold_ore":18,"minecraft:sugar_cane":48,"minecraft:oak_planks":29,"minecraft:wall_torch":4,"minecraft:wheat":77,"minecraft:sweet_berry_bush":1,"minecraft:spruce_log":473,"minecraft:stripped_oak_wood":3,"minecraft:yellow_bed":2,"minecraft:oak_log":181,"minecraft:coal_ore":45,"minecraft:beetroots":3,"minecraft:gravel":91,"minecraft:dirt":138,"minecraft:stonecutter":1,"minecraft:oak_leaves":2,"minecraft:deepslate":48,"minecraft:fern":1}},"DataVersion":3955}