{"stats":{"minecraft:custom":{"minecraft:jump":94,"minecraft:time_since_rest":16634,"minecraft:damage_taken":20,"minecraft:damage_dealt":605,"minecraft:crouch_one_cm":186,"minecraft:leave_game":4,"minecraft:play_time":16634,"minecraft:sprint_one_cm":4841,"minecraft:walk_on_water_one_cm":4096,"minecraft:time_since_death":16634,"minecraft:walk_one_cm":2731,"minecraft:sneak_time":362,"minecraft:total_world_time":16634,"minecraft:walk_under_water_one_cm":9354,"minecraft:mob_kills":1,"minecraft:swim_one_cm":122,"minecraft:fall_one_cm":209,"minecraft:fly_one_cm":62713,"minecraft:player_kills":2},"minecraft:killed":{"minecraft:cow":1},"minecraft:picked_up":{"minecraft:beef":2}},"DataVersion":3955}