{"stats":{"minecraft:crafted":{"minecraft:oak_planks":100,"minecraft:stone_shovel":3,"minecraft:crafting_table":1,"minecraft:wooden_pickaxe":1,"minecraft:stone_axe":1,"minecraft:white_carpet":3,"minecraft:bread":64,"minecraft:stick":20,"minecraft:stone_pickaxe":1,"minecraft:stone_sword":1,"minecraft:chest":1,"minecraft:white_bed":7,"minecraft:stone_hoe":1,"minecraft:shears":1,"minecraft:wheat":558},"minecraft:used":{"minecraft:oak_fence":6,"minecraft:water_bucket":17,"minecraft:stone_sword":85,"minecraft:stone_shovel":295,"minecraft:stone_pickaxe":36,"minecraft:oak_planks":31,"minecraft:poppy":1,"minecraft:chest":1,"minecraft:wooden_pickaxe":6,"minecraft:sugar_cane":12,"minecraft:bell":2,"minecraft:stone_hoe":63,"minecraft:dirt":174,"minecraft:white_carpet":1,"minecraft:crafting_table":2,"minecraft:white_bed":15,"minecraft:wooden_axe":24,"minecraft:lava_bucket":9,"minecraft:grass_block":1,"minecraft:bread":17,"minecraft:stone_axe":52,"minecraft:cobblestone":16,"minecraft:beef":3,"minecraft:bucket":23,"minecraft:yellow_bed":1},"minecraft:custom":{"minecraft:interact_with_furnace":3,"minecraft:mob_kills":24,"minecraft:animals_bred":20,"minecraft:interact_with_crafting_table":22,"minecraft:bell_ring":83,"minecraft:leave_game":8,"minecraft:time_since_death":79619,"minecraft:sleep_in_bed":1,"minecraft:time_since_rest":37350,"minecraft:sprint_one_cm":177191,"minecraft:damage_taken":653,"minecraft:walk_one_cm":130262,"minecraft:drop":16,"minecraft:damage_dealt":6674,"minecraft:swim_one_cm":122,"minecraft:talked_to_villager":8,"minecraft:fly_one_cm":280548,"minecraft:player_kills":2,"minecraft:open_chest":9,"minecraft:crouch_one_cm":28704,"minecraft:play_time":79619,"minecraft:sneak_time":6642,"minecraft:walk_under_water_one_cm":9520,"minecraft:jump":1009,"minecraft:walk_on_water_one_cm":9643,"minecraft:total_world_time":79619,"minecraft:fall_one_cm":19422},"minecraft:broken":{"minecraft:wooden_axe":1,"minecraft:stone_shovel":1},"minecraft:dropped":{"minecraft:bread":1,"minecraft:wheat":200,"minecraft:poppy":1},"minecraft:killed":{"minecraft:spider":1,"minecraft:iron_golem":2,"minecraft:wandering_trader":1,"minecraft:creeper":1,"minecraft:skeleton":2,"minecraft:trader_llama":2,"minecraft:zombie":9,"minecraft:enderman":2,"minecraft:cow":2},"minecraft:picked_up":{"minecraft:wooden_axe":1,"minecraft:stripped_oak_log":3,"minecraft:crafting_table":1,"minecraft:leather":3,"minecraft:lead":2,"minecraft:oak_log":22,"minecraft:yellow_bed":1,"minecraft:gunpowder":2,"minecraft:dirt":293,"minecraft:string":4,"minecraft:wheat_seeds":9,"minecraft:bell":3,"minecraft:iron_ingot":6,"minecraft:beef":4,"minecraft:poppy":3,"minecraft:lectern":2,"minecraft:sugar_cane":15,"minecraft:oak_planks":13,"minecraft:book":24,"minecraft:composter":1,"minecraft:oak_fence":6,"minecraft:torch":2,"minecraft:white_bed":8,"minecraft:grass_block":1,"minecraft:spider_eye":1,"minecraft:arrow":3,"minecraft:rotten_flesh":5,"minecraft:hay_block":62,"minecraft:emerald":1,"minecraft:bread":5,"minecraft:white_wool":25,"minecraft:cobblestone":37,"minecraft:ender_pearl":2},"minecraft:mined":{"minecraft:white_bed":8,"minecraft:oak_fence":6,"minecraft:crafting_table":1,"minecraft:short_grass":15,"minecraft:grass_block":163,"minecraft:lectern":2,"minecraft:tall_grass":6,"minecraft:cobblestone":24,"minecraft:sugar_cane":5,"minecraft:composter":1,"minecraft:oak_planks":15,"minecraft:wall_torch":2,"minecraft:hay_block":62,"minecraft:yellow_bed":1,"minecraft:bell":3,"minecraft:bookshelf":8,"minecraft:oak_log":22,"minecraft:dirt_path":51,"minecraft:dirt":79,"minecraft:stripped_oak_log":3,"minecraft:stonecutter":1,"minecraft:stone":13}},"DataVersion":3955}