{"stats":{"minecraft:crafted":{"minecraft:oak_slab":60,"minecraft:oak_planks":160,"minecraft:stone_shovel":4,"minecraft:crafting_table":2,"minecraft:wooden_pickaxe":1,"minecraft:stone_axe":1,"minecraft:white_carpet":3,"minecraft:bread":64,"minecraft:oak_trapdoor":4,"minecraft:stick":20,"minecraft:stone_pickaxe":1,"minecraft:stone_sword":1,"minecraft:chest":1,"minecraft:white_bed":11,"minecraft:stone_hoe":2,"minecraft:shears":1,"minecraft:wheat":558},"minecraft:used":{"minecraft:oak_trapdoor":3,"minecraft:oak_fence":6,"minecraft:water_bucket":19,"minecraft:stone_sword":91,"minecraft:stone_shovel":320,"minecraft:stone_pickaxe":36,"minecraft:oak_planks":31,"minecraft:poppy":1,"minecraft:chest":1,"minecraft:wooden_pickaxe":6,"minecraft:composter":6,"minecraft:sugar_cane":15,"minecraft:bell":2,"minecraft:stone_hoe":153,"minecraft:dirt":284,"minecraft:oak_slab":50,"minecraft:white_carpet":1,"minecraft:crafting_table":3,"minecraft:white_bed":17,"minecraft:shears":13,"minecraft:wooden_axe":24,"minecraft:lava_bucket":9,"minecraft:grass_block":1,"minecraft:bread":20,"minecraft:stone_axe":83,"minecraft:cobblestone":16,"minecraft:beef":3,"minecraft:bucket":24,"minecraft:yellow_bed":1},"minecraft:custom":{"minecraft:interact_with_furnace":3,"minecraft:mob_kills":26,"minecraft:animals_bred":20,"minecraft:interact_with_crafting_table":27,"minecraft:bell_ring":83,"minecraft:leave_game":8,"minecraft:time_since_death":91619,"minecraft:sleep_in_bed":2,"minecraft:time_since_rest":9338,"minecraft:sprint_one_cm":233104,"minecraft:damage_taken":663,"minecraft:walk_one_cm":156155,"minecraft:drop":22,"minecraft:damage_dealt":6973,"minecraft:swim_one_cm":122,"minecraft:talked_to_villager":9,"minecraft:fly_one_cm":317442,"minecraft:player_kills":2,"minecraft:open_chest":17,"minecraft:crouch_one_cm":32555,"minecraft:play_time":91619,"minecraft:sneak_time":7735,"minecraft:walk_under_water_one_cm":9520,"minecraft:jump":1254,"minecraft:walk_on_water_one_cm":9716,"minecraft:total_world_time":91619,"minecraft:fall_one_cm":24804},"minecraft:broken":{"minecraft:wooden_axe":1,"minecraft:stone_shovel":1},"minecraft:dropped":{"minecraft:bread":1,"minecraft:wheat":200,"minecraft:oak_planks":36,"minecraft:poppy":1,"minecraft:white_wool":33},"minecraft:killed":{"minecraft:pig":1,"minecraft:spider":1,"minecraft:iron_golem":2,"minecraft:wandering_trader":1,"minecraft:creeper":1,"minecraft:skeleton":2,"minecraft:trader_llama":2,"minecraft:zombie":10,"minecraft:enderman":2,"minecraft:cow":2},"minecraft:picked_up":{"minecraft:wooden_axe":1,"minecraft:stripped_oak_log":3,"minecraft:crafting_table":1,"minecraft:azure_bluet":2,"minecraft:leather":3,"minecraft:lead":2,"minecraft:oak_log":34,"minecraft:oak_trapdoor":2,"minecraft:cornflower":2,"minecraft:yellow_bed":1,"minecraft:gunpowder":2,"minecraft:dirt":318,"minecraft:string":4,"minecraft:wheat_seeds":13,"minecraft:bell":3,"minecraft:iron_ingot":6,"minecraft:beef":4,"minecraft:stripped_oak_wood":3,"minecraft:poppy":3,"minecraft:lectern":2,"minecraft:sugar_cane":15,"minecraft:oak_planks":49,"minecraft:book":24,"minecraft:composter":6,"minecraft:oak_fence":15,"minecraft:torch":14,"minecraft:dandelion":8,"minecraft:porkchop":1,"minecraft:white_bed":18,"minecraft:grass_block":1,"minecraft:spider_eye":1,"minecraft:arrow":3,"minecraft:rotten_flesh":5,"minecraft:short_grass":12,"minecraft:hay_block":62,"minecraft:emerald":1,"minecraft:bread":5,"minecraft:oxeye_daisy":2,"minecraft:white_wool":101,"minecraft:cobblestone":37,"minecraft:ender_pearl":2},"minecraft:mined":{"minecraft:white_bed":18,"minecraft:cornflower":3,"minecraft:dandelion":8,"minecraft:oak_fence":15,"minecraft:crafting_table":1,"minecraft:short_grass":44,"minecraft:grass_block":169,"minecraft:lectern":2,"minecraft:tall_grass":6,"minecraft:cobblestone":24,"minecraft:sugar_cane":5,"minecraft:composter":6,"minecraft:oak_planks":15,"minecraft:oxeye_daisy":2,"minecraft:wall_torch":2,"minecraft:hay_block":62,"minecraft:oak_trapdoor":2,"minecraft:stripped_oak_wood":3,"minecraft:azure_bluet":2,"minecraft:yellow_bed":1,"minecraft:bell":3,"minecraft:bookshelf":8,"minecraft:oak_log":34,"minecraft:dirt_path":51,"minecraft:dirt":98,"minecraft:stripped_oak_log":3,"minecraft:stonecutter":1,"minecraft:stone":13}},"DataVersion":3955}