{"stats":{"minecraft:crafted":{"minecraft:oak_slab":60,"minecraft:oak_planks":160,"minecraft:stone_shovel":4,"minecraft:crafting_table":2,"minecraft:wooden_pickaxe":1,"minecraft:stone_axe":1,"minecraft:white_carpet":3,"minecraft:bread":84,"minecraft:oak_trapdoor":4,"minecraft:stick":24,"minecraft:stone_pickaxe":2,"minecraft:stone_sword":1,"minecraft:chest":2,"minecraft:white_bed":11,"minecraft:stone_hoe":2,"minecraft:shears":1,"minecraft:wheat":585},"minecraft:used":{"minecraft:oak_trapdoor":4,"minecraft:oak_fence":6,"minecraft:water_bucket":25,"minecraft:stone_sword":108,"minecraft:stone_shovel":324,"minecraft:stone_pickaxe":104,"minecraft:oak_planks":31,"minecraft:poppy":1,"minecraft:chest":2,"minecraft:wooden_pickaxe":6,"minecraft:composter":6,"minecraft:sugar_cane":15,"minecraft:bell":2,"minecraft:stone_hoe":158,"minecraft:torch":2,"minecraft:dirt":284,"minecraft:oak_slab":50,"minecraft:white_carpet":1,"minecraft:crafting_table":4,"minecraft:carrot":87,"minecraft:white_bed":52,"minecraft:shears":13,"minecraft:wooden_axe":24,"minecraft:lava_bucket":9,"minecraft:grass_block":1,"minecraft:bread":25,"minecraft:stone_axe":87,"minecraft:cobblestone":23,"minecraft:beef":3,"minecraft:bucket":30,"minecraft:yellow_bed":1},"minecraft:custom":{"minecraft:interact_with_furnace":3,"minecraft:mob_kills":30,"minecraft:animals_bred":20,"minecraft:interact_with_crafting_table":30,"minecraft:bell_ring":83,"minecraft:leave_game":8,"minecraft:time_since_death":103619,"minecraft:sleep_in_bed":4,"minecraft:time_since_rest":5264,"minecraft:sprint_one_cm":304104,"minecraft:damage_taken":1078,"minecraft:walk_one_cm":184799,"minecraft:drop":34,"minecraft:damage_dealt":7828,"minecraft:swim_one_cm":122,"minecraft:talked_to_villager":10,"minecraft:fly_one_cm":369196,"minecraft:player_kills":2,"minecraft:open_chest":27,"minecraft:crouch_one_cm":33892,"minecraft:play_time":103619,"minecraft:sneak_time":8195,"minecraft:walk_under_water_one_cm":9588,"minecraft:jump":1549,"minecraft:walk_on_water_one_cm":15331,"minecraft:total_world_time":103619,"minecraft:fall_one_cm":32132},"minecraft:broken":{"minecraft:wooden_axe":1,"minecraft:stone_shovel":1},"minecraft:dropped":{"minecraft:bread":1,"minecraft:wheat":200,"minecraft:beetroot":1,"minecraft:oak_planks":36,"minecraft:white_bed":11,"minecraft:poppy":1,"minecraft:white_wool":33},"minecraft:killed":{"minecraft:pig":1,"minecraft:spider":1,"minecraft:iron_golem":2,"minecraft:wandering_trader":1,"minecraft:creeper":1,"minecraft:skeleton":5,"minecraft:trader_llama":2,"minecraft:zombie":11,"minecraft:enderman":2,"minecraft:cow":2},"minecraft:picked_up":{"minecraft:wooden_axe":1,"minecraft:stripped_oak_log":3,"minecraft:crafting_table":2,"minecraft:wheat":41,"minecraft:azure_bluet":2,"minecraft:leather":3,"minecraft:lead":2,"minecraft:potato":59,"minecraft:oak_log":34,"minecraft:oak_trapdoor":3,"minecraft:cornflower":2,"minecraft:yellow_bed":2,"minecraft:gunpowder":2,"minecraft:dirt":322,"minecraft:string":5,"minecraft:bone":5,"minecraft:beetroot":4,"minecraft:bow":1,"minecraft:wheat_seeds":168,"minecraft:bell":3,"minecraft:iron_ingot":6,"minecraft:beef":4,"minecraft:stripped_oak_wood":3,"minecraft:poppy":3,"minecraft:lectern":2,"minecraft:sugar_cane":15,"minecraft:oak_planks":49,"minecraft:book":24,"minecraft:composter":8,"minecraft:oak_fence":15,"minecraft:torch":14,"minecraft:dandelion":11,"minecraft:porkchop":1,"minecraft:carrot":110,"minecraft:white_bed":53,"minecraft:grass_block":1,"minecraft:spider_eye":1,"minecraft:arrow":4,"minecraft:rotten_flesh":8,"minecraft:beetroot_seeds":8,"minecraft:short_grass":12,"minecraft:hay_block":65,"minecraft:emerald":1,"minecraft:bread":5,"minecraft:oxeye_daisy":2,"minecraft:white_wool":101,"minecraft:cobblestone":104,"minecraft:ender_pearl":2},"minecraft:mined":{"minecraft:white_bed":42,"minecraft:cornflower":3,"minecraft:dandelion":9,"minecraft:oak_fence":15,"minecraft:crafting_table":2,"minecraft:short_grass":44,"minecraft:grass_block":172,"minecraft:lectern":2,"minecraft:tall_grass":6,"minecraft:cobblestone":28,"minecraft:sugar_cane":5,"minecraft:composter":8,"minecraft:oak_planks":15,"minecraft:oxeye_daisy":2,"minecraft:wall_torch":2,"minecraft:hay_block":65,"minecraft:oak_trapdoor":3,"minecraft:carrots":56,"minecraft:wheat":77,"minecraft:stripped_oak_wood":3,"minecraft:azure_bluet":2,"minecraft:yellow_bed":2,"minecraft:bell":3,"minecraft:bookshelf":8,"minecraft:potatoes":17,"minecraft:oak_log":34,"minecraft:beetroots":3,"minecraft:dirt_path":51,"minecraft:dirt":99,"minecraft:stripped_oak_log":3,"minecraft:stonecutter":1,"minecraft:stone":77}},"DataVersion":3955}