{"stats":{"minecraft:crafted":{"minecraft:oak_planks":744,"minecraft:stone_shovel":4,"minecraft:bone_meal":36,"minecraft:white_carpet":3,"minecraft:oak_trapdoor":4,"minecraft:iron_axe":3,"minecraft:stone_pickaxe":5,"minecraft:chest":4,"minecraft:stone_hoe":12,"minecraft:wheat":585,"minecraft:oak_slab":60,"minecraft:emerald":100,"minecraft:crafting_table":4,"minecraft:spruce_planks":1088,"minecraft:wooden_pickaxe":1,"minecraft:iron_sword":1,"minecraft:smithing_table":1,"minecraft:fletching_table":4,"minecraft:stone_axe":1,"minecraft:bread":84,"minecraft:air":0,"minecraft:oak_boat":1,"minecraft:shield":1,"minecraft:stick":3263,"minecraft:iron_pickaxe":1,"minecraft:stone_sword":1,"minecraft:white_bed":11,"minecraft:torch":20,"minecraft:shears":1},"minecraft:used":{"minecraft:oak_fence":6,"minecraft:oak_trapdoor":4,"minecraft:stone_sword":133,"minecraft:stone_shovel":457,"minecraft:poppy":1,"minecraft:chest":4,"minecraft:shield":9,"minecraft:iron_sword":53,"minecraft:bell":2,"minecraft:stone_hoe":173,"minecraft:torch":31,"minecraft:dirt":309,"minecraft:white_carpet":1,"minecraft:carrot":87,"minecraft:azure_bluet":1,"minecraft:obsidian":4,"minecraft:wooden_axe":24,"minecraft:lava_bucket":9,"minecraft:iron_axe":474,"minecraft:grass_block":1,"minecraft:beef":3,"minecraft:water_bucket":60,"minecraft:stone_pickaxe":495,"minecraft:oak_planks":45,"minecraft:wooden_pickaxe":6,"minecraft:composter":6,"minecraft:fletching_table":8,"minecraft:sugar_cane":85,"minecraft:oak_slab":50,"minecraft:crafting_table":6,"minecraft:white_bed":53,"minecraft:shears":13,"minecraft:oak_log":1,"minecraft:bread":47,"minecraft:iron_pickaxe":19,"minecraft:spruce_sapling":15,"minecraft:stone_axe":89,"minecraft:cobblestone":58,"minecraft:smithing_table":1,"minecraft:bucket":66,"minecraft:yellow_bed":2,"minecraft:oak_boat":5,"minecraft:bone_meal":22},"minecraft:custom":{"minecraft:mob_kills":56,"minecraft:animals_bred":20,"minecraft:interact_with_crafting_table":45,"minecraft:bell_ring":83,"minecraft:leave_game":12,"minecraft:time_since_death":81108,"minecraft:sprint_one_cm":512366,"minecraft:walk_one_cm":321544,"minecraft:damage_blocked_by_shield":190,"minecraft:drop":113,"minecraft:talked_to_villager":40,"minecraft:play_time":215127,"minecraft:deaths":1,"minecraft:sneak_time":17075,"minecraft:walk_under_water_one_cm":18562,"minecraft:boat_one_cm":133317,"minecraft:jump":2970,"minecraft:walk_on_water_one_cm":38216,"minecraft:total_world_time":215127,"minecraft:interact_with_furnace":3,"minecraft:traded_with_villager":110,"minecraft:sleep_in_bed":6,"minecraft:time_since_rest":35134,"minecraft:damage_taken":1822,"minecraft:damage_dealt":15164,"minecraft:swim_one_cm":11156,"minecraft:fly_one_cm":849807,"minecraft:player_kills":2,"minecraft:open_chest":51,"minecraft:crouch_one_cm":65855,"minecraft:fall_one_cm":63190},"minecraft:broken":{"minecraft:stone_sword":1,"minecraft:stone_pickaxe":3,"minecraft:iron_axe":1,"minecraft:wooden_axe":1,"minecraft:stone_shovel":2},"minecraft:dropped":{"minecraft:stone_hoe":11,"minecraft:iron_ingot":1,"minecraft:bread":14,"minecraft:wheat_seeds":1,"minecraft:feather":1,"minecraft:cobblestone":357,"minecraft:stick":1400,"minecraft:white_wool":33,"minecraft:spruce_sapling":10,"minecraft:stone_axe":1,"minecraft:stone_sword":2,"minecraft:wheat":200,"minecraft:obsidian":1,"minecraft:beetroot":1,"minecraft:rotten_flesh":6,"minecraft:oak_planks":38,"minecraft:white_bed":11,"minecraft:recovery_compass":1,"minecraft:poppy":1,"minecraft:stone_pickaxe":1},"minecraft:killed":{"minecraft:spider":2,"minecraft:skeleton":14,"minecraft:pig":1,"minecraft:iron_golem":6,"minecraft:wandering_trader":1,"minecraft:creeper":1,"minecraft:trader_llama":2,"minecraft:zombie":21,"minecraft:enderman":2,"minecraft:cow":2},"minecraft:picked_up":{"minecraft:wooden_axe":1,"minecraft:crafting_table":3,"minecraft:wheat":41,"minecraft:azure_bluet":3,"minecraft:lead":2,"minecraft:cornflower":2,"minecraft:oak_trapdoor":3,"minecraft:string":5,"minecraft:raw_copper":14,"minecraft:beetroot":4,"minecraft:beef":4,"minecraft:oak_boat":5,"minecraft:poppy":8,"minecraft:lectern":2,"minecraft:sugar_cane":85,"minecraft:egg":1,"minecraft:raw_iron":2,"minecraft:stick":1288,"minecraft:composter":8,"minecraft:oak_fence":15,"minecraft:torch":20,"minecraft:porkchop":1,"minecraft:carrot":110,"minecraft:stone_sword":2,"minecraft:arrow":10,"minecraft:rotten_flesh":28,"minecraft:beetroot_seeds":8,"minecraft:hay_block":80,"minecraft:white_wool":101,"minecraft:cobblestone":801,"minecraft:oxeye_daisy":2,"minecraft:stripped_oak_log":3,"minecraft:feather":2,"minecraft:leather":3,"minecraft:potato":59,"minecraft:flint":14,"minecraft:oak_log":181,"minecraft:yellow_bed":2,"minecraft:gunpowder":2,"minecraft:dirt":371,"minecraft:bone":16,"minecraft:bow":2,"minecraft:wheat_seeds":170,"minecraft:bell":3,"minecraft:iron_ingot":24,"minecraft:stripped_oak_wood":3,"minecraft:fletching_table":4,"minecraft:stone_hoe":10,"minecraft:oak_planks":65,"minecraft:book":24,"minecraft:dandelion":11,"minecraft:gravel":70,"minecraft:stripped_spruce_log":1,"minecraft:spruce_sapling":55,"minecraft:spruce_log":271,"minecraft:white_bed":53,"minecraft:grass_block":1,"minecraft:spider_eye":1,"minecraft:stone_axe":1,"minecraft:short_grass":12,"minecraft:emerald":1,"minecraft:bread":5,"minecraft:coal":48,"minecraft:ender_pearl":2},"minecraft:mined":{"minecraft:white_bed":42,"minecraft:grass_block":175,"minecraft:spruce_leaves":23,"minecraft:composter":8,"minecraft:oxeye_daisy":2,"minecraft:hay_block":80,"minecraft:oak_trapdoor":3,"minecraft:spruce_sapling":3,"minecraft:carrots":56,"minecraft:iron_ore":2,"minecraft:stripped_spruce_log":1,"minecraft:fletching_table":4,"minecraft:azure_bluet":2,"minecraft:bell":3,"minecraft:bookshelf":8,"minecraft:potatoes":17,"minecraft:dirt_path":52,"minecraft:stripped_oak_log":3,"minecraft:stone":409,"minecraft:dandelion":9,"minecraft:oak_fence":15,"minecraft:crafting_table":3,"minecraft:cornflower":3,"minecraft:short_grass":49,"minecraft:lectern":2,"minecraft:tall_grass":11,"minecraft:copper_ore":4,"minecraft:cobblestone":34,"minecraft:sugar_cane":48,"minecraft:oak_planks":29,"minecraft:wall_torch":4,"minecraft:wheat":77,"minecraft:sweet_berry_bush":1,"minecraft:spruce_log":276,"minecraft:stripped_oak_wood":3,"minecraft:yellow_bed":2,"minecraft:oak_log":181,"minecraft:coal_ore":45,"minecraft:beetroots":3,"minecraft:gravel":87,"minecraft:dirt":138,"minecraft:stonecutter":1,"minecraft:oak_leaves":2,"minecraft:fern":1}},"DataVersion":3955}