{"stats":{"minecraft:used":{"minecraft:brown_terracotta":1,"minecraft:netherite_sword":9,"minecraft:red_sand":1,"minecraft:terracotta":2,"minecraft:potion":1,"born_in_chaos_v1:ethereal_spirit":2,"minecraft:red_terracotta":4,"minecraft:stone":20},"minecraft:picked_up":{"born_in_chaos_v1:ethereal_spirit":1,"minecraft:potion":1,"born_in_chaos_v1:dark_rod":2,"tombstone:essence_of_undeath":1,"minecraft:gunpowder":2},"minecraft:custom":{"minecraft:open_chest":2,"minecraft:time_since_rest":77435,"minecraft:crouch_one_cm":341,"minecraft:play_time":77435,"minecraft:sprint_one_cm":6590,"tombstone:undead_killed":1,"minecraft:walk_one_cm":3831,"minecraft:sneak_time":314,"minecraft:walk_under_water_one_cm":199,"minecraft:mob_kills":2,"minecraft:drop":1,"minecraft:jump":77,"minecraft:damage_dealt":901,"minecraft:time_since_death":77435,"minecraft:walk_on_water_one_cm":462,"minecraft:total_world_time":77435,"minecraft:fall_one_cm":269,"minecraft:fly_one_cm":131074},"minecraft:dropped":{"minecraft:potion":1},"minecraft:killed":{"undead_revamp2:thehorrors":1,"born_in_chaos_v1:dark_vortex":1}},"DataVersion":3465}