{"stats":{"minecraft:crafted":{"minecraft:grindstone":1,"minecraft:oak_planks":764,"minecraft:smooth_stone":6,"minecraft:blaze_powder":8,"minecraft:stone":9,"minecraft:bookshelf":3,"minecraft:diamond_helmet":1,"minecraft:diamond_leggings":1,"minecraft:chest":4,"minecraft:stone_hoe":12,"minecraft:ender_eye":4,"minecraft:oak_slab":60,"minecraft:emerald":443,"minecraft:diamond_axe":3,"minecraft:crafting_table":6,"minecraft:spruce_planks":5677,"minecraft:wooden_pickaxe":1,"minecraft:iron_helmet":10,"minecraft:spruce_door":6,"minecraft:smithing_table":1,"minecraft:fletching_table":5,"minecraft:lectern":3,"minecraft:diamond_pickaxe":1,"minecraft:shield":1,"minecraft:stick":12369,"minecraft:stone_slab":6,"minecraft:iron_ingot":181,"minecraft:iron_pickaxe":4,"minecraft:iron_block":3,"minecraft:stone_sword":1,"minecraft:gold_ingot":15,"minecraft:shears":2,"minecraft:oak_door":3,"minecraft:stone_shovel":4,"minecraft:furnace":7,"minecraft:blast_furnace":2,"minecraft:bone_meal":390,"minecraft:white_carpet":3,"minecraft:oak_trapdoor":4,"minecraft:flint_and_steel":1,"minecraft:iron_axe":17,"minecraft:spruce_slab":12,"minecraft:stone_pickaxe":5,"minecraft:diamond_boots":1,"minecraft:spruce_boat":1,"minecraft:wheat":585,"minecraft:iron_sword":1,"minecraft:bucket":7,"minecraft:stone_axe":1,"minecraft:enchanted_book":5,"minecraft:bread":126,"minecraft:air":0,"minecraft:oak_boat":1,"minecraft:anvil":1,"minecraft:white_bed":11,"minecraft:torch":20,"minecraft:diamond_chestplate":1},"minecraft:used":{"minecraft:poppy":1,"minecraft:oak_sign":1,"minecraft:chest":6,"minecraft:shield":49,"minecraft:iron_sword":256,"minecraft:bell":2,"minecraft:carrot":87,"minecraft:azure_bluet":1,"minecraft:obsidian":4,"minecraft:spruce_boat":1,"minecraft:lava_bucket":9,"minecraft:grass_block":1,"minecraft:bow":3,"minecraft:furnace":8,"minecraft:spruce_door":3,"minecraft:stone_pickaxe":495,"minecraft:oak_planks":50,"minecraft:wooden_pickaxe":6,"minecraft:composter":6,"minecraft:diamond_axe":1091,"minecraft:sugar_cane":85,"minecraft:blast_furnace":2,"minecraft:shears":59,"minecraft:bread":126,"minecraft:lectern":116,"minecraft:grindstone":3,"minecraft:smithing_table":1,"minecraft:oak_boat":6,"minecraft:bone_meal":238,"minecraft:oak_trapdoor":4,"minecraft:oak_fence":6,"minecraft:stone_sword":133,"minecraft:flint_and_steel":6,"minecraft:stone_shovel":457,"minecraft:spruce_planks":2,"minecraft:stone_hoe":173,"minecraft:netherrack":6,"minecraft:oak_door":4,"minecraft:torch":44,"minecraft:dirt":316,"minecraft:anvil":1,"minecraft:white_carpet":1,"minecraft:wooden_axe":24,"minecraft:iron_axe":718,"minecraft:oak_stairs":73,"minecraft:basalt":52,"minecraft:beef":3,"minecraft:water_bucket":124,"minecraft:fletching_table":14,"minecraft:oak_slab":50,"minecraft:crafting_table":12,"minecraft:white_bed":53,"minecraft:spruce_log":4,"minecraft:oak_log":1,"minecraft:ender_eye":1,"minecraft:diamond_pickaxe":201,"minecraft:iron_pickaxe":425,"minecraft:spruce_sapling":208,"minecraft:stone_axe":89,"minecraft:cobblestone":293,"minecraft:bucket":138,"minecraft:yellow_bed":2},"minecraft:custom":{"minecraft:animals_bred":20,"minecraft:interact_with_crafting_table":73,"minecraft:open_barrel":1,"minecraft:bell_ring":83,"minecraft:leave_game":14,"minecraft:time_since_death":250794,"minecraft:sprint_one_cm":1030817,"minecraft:damage_blocked_by_shield":2120,"minecraft:drop":238,"minecraft:talked_to_villager":254,"minecraft:play_time":384813,"minecraft:deaths":1,"minecraft:jump":6572,"minecraft:walk_on_water_one_cm":63517,"minecraft:interact_with_furnace":64,"minecraft:traded_with_villager":489,"minecraft:interact_with_loom":1,"minecraft:sleep_in_bed":14,"minecraft:damage_dealt":30157,"minecraft:player_kills":2,"minecraft:crouch_one_cm":135254,"minecraft:interact_with_smoker":1,"minecraft:interact_with_smithing_table":1,"minecraft:interact_with_anvil":3,"minecraft:mob_kills":135,"minecraft:walk_one_cm":648220,"minecraft:sneak_time":40840,"minecraft:walk_under_water_one_cm":47273,"minecraft:boat_one_cm":133317,"minecraft:interact_with_blast_furnace":5,"minecraft:total_world_time":384813,"minecraft:time_since_rest":11249,"minecraft:damage_taken":4635,"minecraft:swim_one_cm":98690,"minecraft:fly_one_cm":1408160,"minecraft:open_chest":183,"minecraft:fall_one_cm":157046},"minecraft:broken":{"minecraft:stone_pickaxe":3,"minecraft:iron_sword":1,"minecraft:wooden_axe":1,"minecraft:stone_shovel":2,"minecraft:stone_sword":1,"minecraft:shield":1,"minecraft:iron_axe":1},"minecraft:dropped":{"minecraft:diamond_axe":3,"minecraft:chest_minecart":1,"minecraft:flint":3,"minecraft:emerald":22,"minecraft:dirt":38,"minecraft:bone_meal":29,"minecraft:iron_pickaxe":3,"minecraft:white_wool":33,"minecraft:oak_door":2,"minecraft:stone_axe":1,"minecraft:detector_rail":1,"minecraft:wheat":200,"minecraft:obsidian":1,"minecraft:beetroot":1,"minecraft:rotten_flesh":6,"minecraft:oak_planks":38,"minecraft:white_bed":11,"minecraft:recovery_compass":1,"minecraft:poppy":4,"minecraft:melon_seeds":16,"minecraft:egg":1,"minecraft:iron_ingot":1,"minecraft:stone_hoe":11,"minecraft:bread":14,"minecraft:wheat_seeds":1,"minecraft:golden_horse_armor":1,"minecraft:iron_helmet":10,"minecraft:feather":2,"minecraft:cobblestone":368,"minecraft:spruce_door":2,"minecraft:coal":2,"minecraft:stick":1440,"minecraft:iron_axe":14,"minecraft:music_disc_cat":1,"minecraft:spruce_sapling":59,"minecraft:furnace":1,"minecraft:stone_sword":2,"minecraft:spruce_planks":1602,"minecraft:andesite":1,"minecraft:spider_eye":2,"minecraft:spruce_log":52,"minecraft:bow":1,"minecraft:stone_pickaxe":1,"minecraft:magma_cream":1},"minecraft:killed":{"minecraft:spider":8,"minecraft:skeleton":25,"minecraft:magma_cube":16,"minecraft:piglin":1,"minecraft:pig":1,"minecraft:iron_golem":9,"minecraft:creeper":4,"minecraft:sheep":1,"minecraft:trader_llama":2,"minecraft:zombie":43,"minecraft:cow":2,"minecraft:blaze":13,"minecraft:wandering_trader":1,"minecraft:wither_skeleton":1,"minecraft:enderman":3},"minecraft:picked_up":{"minecraft:wooden_axe":1,"minecraft:wheat":41,"minecraft:lead":2,"minecraft:oak_stairs":9,"minecraft:enchanted_book":1,"minecraft:music_disc_cat":1,"minecraft:string":27,"minecraft:raw_copper":14,"minecraft:oak_sign":1,"minecraft:beetroot":4,"minecraft:cobbled_deepslate":54,"minecraft:bucket":1,"minecraft:spruce_planks":1756,"minecraft:ender_eye":1,"minecraft:iron_pickaxe":2,"minecraft:furnace":4,"minecraft:stick":1394,"minecraft:composter":8,"minecraft:oak_fence":16,"minecraft:torch":34,"minecraft:porkchop":1,"minecraft:stone_sword":2,"minecraft:rotten_flesh":50,"minecraft:blaze_rod":4,"minecraft:obsidian":4,"minecraft:cobblestone":894,"minecraft:magma_block":3,"minecraft:feather":2,"minecraft:magma_cream":2,"minecraft:andesite":1,"minecraft:potato":59,"minecraft:flint":17,"minecraft:tuff":1,"minecraft:dirt":430,"minecraft:lapis_lazuli":156,"minecraft:name_tag":1,"minecraft:bone":27,"minecraft:bow":2,"minecraft:wheat_seeds":175,"minecraft:raw_gold":33,"minecraft:bell":3,"minecraft:grindstone":2,"minecraft:fletching_table":9,"minecraft:oak_planks":74,"minecraft:stone_hoe":10,"minecraft:stripped_spruce_log":1,"minecraft:grass_block":3,"minecraft:diamond":1,"minecraft:spruce_boat":1,"minecraft:bone_meal":16,"minecraft:golden_apple":1,"minecraft:emerald":15,"minecraft:golden_horse_armor":1,"minecraft:bread":7,"minecraft:netherrack":6,"minecraft:crafting_table":7,"minecraft:azure_bluet":3,"minecraft:chest_minecart":1,"minecraft:diamond_horse_armor":1,"minecraft:cornflower":2,"minecraft:oak_trapdoor":3,"minecraft:iron_axe":14,"minecraft:blackstone":25,"minecraft:detector_rail":1,"minecraft:beef":4,"minecraft:oak_boat":6,"minecraft:poppy":10,"minecraft:lectern":113,"minecraft:sugar_cane":261,"minecraft:chest":2,"minecraft:egg":1,"minecraft:raw_iron":194,"minecraft:oak_door":3,"minecraft:carrot":111,"minecraft:redstone":4,"minecraft:arrow":19,"minecraft:beetroot_seeds":8,"minecraft:nether_bricks":5,"minecraft:hay_block":80,"minecraft:bone_block":35,"minecraft:white_wool":101,"minecraft:rail":31,"minecraft:oxeye_daisy":2,"minecraft:stripped_oak_log":3,"minecraft:basalt":90,"minecraft:leather":3,"minecraft:oak_log":186,"minecraft:yellow_bed":2,"minecraft:gunpowder":16,"minecraft:iron_ingot":43,"minecraft:cobweb":46,"minecraft:stripped_oak_wood":3,"minecraft:book":24,"minecraft:dandelion":12,"minecraft:gravel":70,"minecraft:spruce_sapling":268,"minecraft:blast_furnace":2,"minecraft:white_bed":53,"minecraft:spruce_log":1479,"minecraft:spider_eye":3,"minecraft:stone_axe":1,"minecraft:short_grass":12,"minecraft:iron_helmet":10,"minecraft:diamond_axe":2,"minecraft:melon_seeds":16,"minecraft:coal":54,"minecraft:ender_pearl":4},"minecraft:mined":{"minecraft:white_bed":42,"minecraft:obsidian":4,"minecraft:granite":2,"minecraft:grass_block":175,"minecraft:composter":8,"minecraft:oxeye_daisy":2,"minecraft:spawner":1,"minecraft:magma_block":3,"minecraft:iron_ore":167,"minecraft:cobbled_deepslate":6,"minecraft:fire":19,"minecraft:fletching_table":9,"minecraft:azure_bluet":2,"minecraft:dirt_path":52,"minecraft:oak_stairs":9,"minecraft:blackstone":27,"minecraft:soul_fire":1,"minecraft:blast_furnace":2,"minecraft:chest":2,"minecraft:cobblestone":54,"minecraft:grindstone":2,"minecraft:sugar_cane":131,"minecraft:oak_planks":34,"minecraft:wall_torch":4,"minecraft:wheat":77,"minecraft:stripped_oak_wood":3,"minecraft:oak_log":186,"minecraft:beetroots":3,"minecraft:dirt":145,"minecraft:stonecutter":1,"minecraft:netherrack":4,"minecraft:oak_leaves":2,"minecraft:deepslate":48,"minecraft:tuff":5,"minecraft:oak_door":2,"minecraft:nether_bricks":6,"minecraft:spruce_leaves":44,"minecraft:hay_block":80,"minecraft:oak_trapdoor":3,"minecraft:spruce_sapling":104,"minecraft:furnace":4,"minecraft:carrots":56,"minecraft:andesite":1,"minecraft:stripped_spruce_log":1,"minecraft:bell":3,"minecraft:nether_brick_fence":1,"minecraft:bookshelf":8,"minecraft:potatoes":17,"minecraft:deepslate_iron_ore":14,"minecraft:rail":26,"minecraft:stripped_oak_log":3,"minecraft:stone":475,"minecraft:bone_block":35,"minecraft:basalt":99,"minecraft:dandelion":10,"minecraft:oak_fence":15,"minecraft:crafting_table":7,"minecraft:cornflower":3,"minecraft:short_grass":66,"minecraft:lectern":113,"minecraft:tall_grass":23,"minecraft:copper_ore":4,"minecraft:lapis_ore":26,"minecraft:deepslate_gold_ore":20,"minecraft:sweet_berry_bush":1,"minecraft:spruce_log":1418,"minecraft:yellow_bed":2,"minecraft:coal_ore":45,"minecraft:gravel":91,"minecraft:cobweb":46,"minecraft:gold_ore":13,"minecraft:fern":1}},"DataVersion":3955}