{"stats":{"minecraft:custom":{"minecraft:jump":86,"minecraft:time_since_rest":8519,"minecraft:damage_dealt":605,"minecraft:crouch_one_cm":186,"minecraft:leave_game":3,"minecraft:play_time":8519,"minecraft:sprint_one_cm":3902,"minecraft:time_since_death":8519,"minecraft:walk_one_cm":2264,"minecraft:sneak_time":61,"minecraft:total_world_time":8519,"minecraft:mob_kills":1,"minecraft:fall_one_cm":209,"minecraft:fly_one_cm":9058,"minecraft:player_kills":2},"minecraft:killed":{"minecraft:cow":1},"minecraft:picked_up":{"minecraft:beef":2}},"DataVersion":3955}