{"stats":{"minecraft:crafted":{"minecraft:oak_slab":60,"minecraft:oak_planks":160,"minecraft:stone_shovel":4,"minecraft:crafting_table":3,"minecraft:wooden_pickaxe":1,"minecraft:stone_axe":1,"minecraft:white_carpet":3,"minecraft:bread":84,"minecraft:oak_trapdoor":4,"minecraft:stick":32,"minecraft:stone_pickaxe":5,"minecraft:stone_sword":1,"minecraft:chest":2,"minecraft:white_bed":11,"minecraft:torch":20,"minecraft:stone_hoe":2,"minecraft:shears":1,"minecraft:wheat":585},"minecraft:used":{"minecraft:oak_trapdoor":4,"minecraft:oak_fence":6,"minecraft:water_bucket":31,"minecraft:stone_sword":108,"minecraft:stone_shovel":348,"minecraft:stone_pickaxe":466,"minecraft:oak_planks":31,"minecraft:poppy":1,"minecraft:chest":2,"minecraft:wooden_pickaxe":6,"minecraft:composter":6,"minecraft:sugar_cane":15,"minecraft:bell":2,"minecraft:stone_hoe":158,"minecraft:torch":20,"minecraft:dirt":294,"minecraft:oak_slab":50,"minecraft:white_carpet":1,"minecraft:crafting_table":5,"minecraft:carrot":87,"minecraft:white_bed":52,"minecraft:shears":13,"minecraft:wooden_axe":24,"minecraft:lava_bucket":9,"minecraft:grass_block":1,"minecraft:bread":25,"minecraft:stone_axe":87,"minecraft:cobblestone":39,"minecraft:beef":3,"minecraft:bucket":37,"minecraft:yellow_bed":1},"minecraft:custom":{"minecraft:interact_with_furnace":3,"minecraft:mob_kills":30,"minecraft:animals_bred":20,"minecraft:interact_with_crafting_table":33,"minecraft:bell_ring":83,"minecraft:leave_game":8,"minecraft:time_since_death":115619,"minecraft:sleep_in_bed":4,"minecraft:time_since_rest":17264,"minecraft:sprint_one_cm":315050,"minecraft:damage_taken":1078,"minecraft:walk_one_cm":214961,"minecraft:drop":34,"minecraft:damage_dealt":7828,"minecraft:swim_one_cm":4185,"minecraft:talked_to_villager":10,"minecraft:fly_one_cm":373000,"minecraft:player_kills":2,"minecraft:open_chest":28,"minecraft:crouch_one_cm":44123,"minecraft:play_time":115619,"minecraft:sneak_time":11003,"minecraft:walk_under_water_one_cm":11627,"minecraft:jump":1608,"minecraft:walk_on_water_one_cm":23788,"minecraft:total_world_time":115619,"minecraft:fall_one_cm":32132},"minecraft:broken":{"minecraft:wooden_axe":1,"minecraft:stone_shovel":1,"minecraft:stone_pickaxe":3},"minecraft:dropped":{"minecraft:bread":1,"minecraft:wheat":200,"minecraft:beetroot":1,"minecraft:oak_planks":36,"minecraft:white_bed":11,"minecraft:poppy":1,"minecraft:white_wool":33},"minecraft:killed":{"minecraft:pig":1,"minecraft:spider":1,"minecraft:iron_golem":2,"minecraft:wandering_trader":1,"minecraft:creeper":1,"minecraft:skeleton":5,"minecraft:trader_llama":2,"minecraft:zombie":11,"minecraft:enderman":2,"minecraft:cow":2},"minecraft:picked_up":{"minecraft:wooden_axe":1,"minecraft:stripped_oak_log":3,"minecraft:crafting_table":2,"minecraft:wheat":41,"minecraft:azure_bluet":2,"minecraft:leather":3,"minecraft:lead":2,"minecraft:potato":59,"minecraft:oak_log":34,"minecraft:oak_trapdoor":3,"minecraft:cornflower":2,"minecraft:yellow_bed":2,"minecraft:gunpowder":2,"minecraft:dirt":347,"minecraft:string":5,"minecraft:raw_copper":14,"minecraft:bone":5,"minecraft:beetroot":4,"minecraft:bow":1,"minecraft:wheat_seeds":168,"minecraft:bell":3,"minecraft:iron_ingot":6,"minecraft:beef":4,"minecraft:stripped_oak_wood":3,"minecraft:poppy":3,"minecraft:lectern":2,"minecraft:sugar_cane":15,"minecraft:oak_planks":49,"minecraft:book":24,"minecraft:composter":8,"minecraft:oak_fence":15,"minecraft:torch":16,"minecraft:dandelion":11,"minecraft:porkchop":1,"minecraft:carrot":110,"minecraft:white_bed":53,"minecraft:grass_block":1,"minecraft:spider_eye":1,"minecraft:arrow":4,"minecraft:rotten_flesh":8,"minecraft:beetroot_seeds":8,"minecraft:short_grass":12,"minecraft:hay_block":65,"minecraft:emerald":1,"minecraft:bread":5,"minecraft:coal":32,"minecraft:oxeye_daisy":2,"minecraft:white_wool":101,"minecraft:cobblestone":430,"minecraft:ender_pearl":2},"minecraft:mined":{"minecraft:white_bed":42,"minecraft:cornflower":3,"minecraft:dandelion":9,"minecraft:oak_fence":15,"minecraft:crafting_table":2,"minecraft:short_grass":44,"minecraft:grass_block":173,"minecraft:lectern":2,"minecraft:copper_ore":4,"minecraft:tall_grass":6,"minecraft:cobblestone":28,"minecraft:sugar_cane":5,"minecraft:composter":8,"minecraft:oak_planks":15,"minecraft:oxeye_daisy":2,"minecraft:wall_torch":4,"minecraft:hay_block":65,"minecraft:oak_trapdoor":3,"minecraft:carrots":56,"minecraft:wheat":77,"minecraft:stripped_oak_wood":3,"minecraft:azure_bluet":2,"minecraft:yellow_bed":2,"minecraft:bell":3,"minecraft:coal_ore":32,"minecraft:bookshelf":8,"minecraft:potatoes":17,"minecraft:oak_log":34,"minecraft:beetroots":3,"minecraft:dirt_path":51,"minecraft:dirt":123,"minecraft:stripped_oak_log":3,"minecraft:stonecutter":1,"minecraft:stone":403}},"DataVersion":3955}