{"stats":{"minecraft:crafted":{"minecraft:oak_slab":60,"minecraft:oak_planks":160,"minecraft:stone_shovel":4,"minecraft:crafting_table":3,"minecraft:wooden_pickaxe":1,"minecraft:bone_meal":15,"minecraft:stone_axe":1,"minecraft:white_carpet":3,"minecraft:bread":84,"minecraft:oak_trapdoor":4,"minecraft:stick":32,"minecraft:stone_pickaxe":5,"minecraft:stone_sword":1,"minecraft:chest":2,"minecraft:white_bed":11,"minecraft:torch":20,"minecraft:stone_hoe":2,"minecraft:shears":1,"minecraft:wheat":585},"minecraft:used":{"minecraft:oak_trapdoor":4,"minecraft:oak_fence":6,"minecraft:water_bucket":39,"minecraft:stone_sword":114,"minecraft:stone_pickaxe":468,"minecraft:stone_shovel":457,"minecraft:poppy":1,"minecraft:oak_planks":31,"minecraft:chest":2,"minecraft:sugar_cane":33,"minecraft:wooden_pickaxe":6,"minecraft:composter":6,"minecraft:bell":2,"minecraft:stone_hoe":173,"minecraft:torch":20,"minecraft:dirt":309,"minecraft:oak_slab":50,"minecraft:white_carpet":1,"minecraft:crafting_table":5,"minecraft:carrot":87,"minecraft:white_bed":53,"minecraft:shears":13,"minecraft:azure_bluet":1,"minecraft:oak_log":1,"minecraft:wooden_axe":24,"minecraft:lava_bucket":9,"minecraft:grass_block":1,"minecraft:bread":29,"minecraft:stone_axe":88,"minecraft:cobblestone":42,"minecraft:beef":3,"minecraft:bucket":45,"minecraft:yellow_bed":2,"minecraft:bone_meal":15},"minecraft:custom":{"minecraft:interact_with_furnace":3,"minecraft:mob_kills":31,"minecraft:animals_bred":20,"minecraft:interact_with_crafting_table":33,"minecraft:bell_ring":83,"minecraft:leave_game":10,"minecraft:time_since_death":133681,"minecraft:sleep_in_bed":5,"minecraft:time_since_rest":16940,"minecraft:sprint_one_cm":358986,"minecraft:damage_taken":1136,"minecraft:walk_one_cm":230715,"minecraft:drop":42,"minecraft:damage_dealt":8189,"minecraft:swim_one_cm":6043,"minecraft:fly_one_cm":632707,"minecraft:talked_to_villager":10,"minecraft:player_kills":2,"minecraft:open_chest":31,"minecraft:play_time":133681,"minecraft:crouch_one_cm":50106,"minecraft:sneak_time":12607,"minecraft:walk_under_water_one_cm":13608,"minecraft:jump":1944,"minecraft:walk_on_water_one_cm":26886,"minecraft:total_world_time":133681,"minecraft:fall_one_cm":38921},"minecraft:broken":{"minecraft:stone_pickaxe":3,"minecraft:wooden_axe":1,"minecraft:stone_shovel":2},"minecraft:dropped":{"minecraft:bread":14,"minecraft:wheat":200,"minecraft:beetroot":1,"minecraft:oak_planks":36,"minecraft:recovery_compass":1,"minecraft:white_bed":11,"minecraft:poppy":1,"minecraft:white_wool":33},"minecraft:killed":{"minecraft:pig":1,"minecraft:spider":1,"minecraft:iron_golem":2,"minecraft:wandering_trader":1,"minecraft:creeper":1,"minecraft:skeleton":5,"minecraft:trader_llama":2,"minecraft:zombie":12,"minecraft:enderman":2,"minecraft:cow":2},"minecraft:picked_up":{"minecraft:wooden_axe":1,"minecraft:crafting_table":2,"minecraft:wheat":41,"minecraft:azure_bluet":3,"minecraft:leather":3,"minecraft:lead":2,"minecraft:potato":59,"minecraft:flint":14,"minecraft:oak_log":35,"minecraft:yellow_bed":2,"minecraft:gunpowder":2,"minecraft:string":5,"minecraft:cornflower":2,"minecraft:oak_trapdoor":3,"minecraft:dirt":365,"minecraft:raw_copper":14,"minecraft:bone":5,"minecraft:beetroot":4,"minecraft:bow":1,"minecraft:wheat_seeds":168,"minecraft:bell":3,"minecraft:iron_ingot":6,"minecraft:beef":4,"minecraft:stripped_oak_wood":3,"minecraft:poppy":3,"minecraft:lectern":2,"minecraft:sugar_cane":42,"minecraft:oak_planks":49,"minecraft:book":24,"minecraft:composter":8,"minecraft:oak_fence":15,"minecraft:torch":16,"minecraft:dandelion":11,"minecraft:gravel":70,"minecraft:porkchop":1,"minecraft:grass_block":1,"minecraft:white_bed":53,"minecraft:carrot":110,"minecraft:spider_eye":1,"minecraft:arrow":4,"minecraft:rotten_flesh":8,"minecraft:beetroot_seeds":8,"minecraft:short_grass":12,"minecraft:hay_block":80,"minecraft:emerald":1,"minecraft:bread":5,"minecraft:ender_pearl":2,"minecraft:coal":32,"minecraft:cobblestone":432,"minecraft:white_wool":101,"minecraft:stripped_oak_log":3,"minecraft:oxeye_daisy":2},"minecraft:mined":{"minecraft:white_bed":42,"minecraft:dandelion":9,"minecraft:oak_fence":15,"minecraft:cornflower":3,"minecraft:crafting_table":2,"minecraft:short_grass":44,"minecraft:grass_block":175,"minecraft:lectern":2,"minecraft:copper_ore":4,"minecraft:tall_grass":6,"minecraft:cobblestone":28,"minecraft:oak_planks":15,"minecraft:sugar_cane":25,"minecraft:composter":8,"minecraft:oxeye_daisy":2,"minecraft:wall_torch":4,"minecraft:hay_block":80,"minecraft:oak_trapdoor":3,"minecraft:carrots":56,"minecraft:wheat":77,"minecraft:stripped_oak_wood":3,"minecraft:yellow_bed":2,"minecraft:azure_bluet":2,"minecraft:bell":3,"minecraft:bookshelf":8,"minecraft:potatoes":17,"minecraft:coal_ore":32,"minecraft:oak_log":35,"minecraft:dirt_path":52,"minecraft:beetroots":3,"minecraft:gravel":87,"minecraft:dirt":138,"minecraft:stripped_oak_log":3,"minecraft:stone":405,"minecraft:stonecutter":1}},"DataVersion":3955}