{"stats":{"minecraft:custom":{"minecraft:jump":29,"minecraft:time_since_rest":3296,"minecraft:damage_dealt":100,"minecraft:crouch_one_cm":118,"minecraft:leave_game":1,"minecraft:sprint_one_cm":1933,"minecraft:play_time":3296,"minecraft:time_since_death":3296,"minecraft:walk_one_cm":873,"minecraft:sneak_time":26,"minecraft:total_world_time":3296,"minecraft:mob_kills":1,"minecraft:fly_one_cm":7448},"minecraft:killed":{"minecraft:cow":1},"minecraft:picked_up":{"minecraft:beef":2}},"DataVersion":3955}