{"stats":{"minecraft:crafted":{"minecraft:oak_planks":32,"minecraft:stick":12,"minecraft:wooden_pickaxe":1,"minecraft:stone_pickaxe":1,"minecraft:stone_sword":1,"minecraft:stone_hoe":1,"minecraft:stone_axe":1,"minecraft:bread":64,"minecraft:wheat":279},"minecraft:used":{"minecraft:wooden_axe":24,"minecraft:water_bucket":5,"minecraft:stone_sword":20,"minecraft:grass_block":1,"minecraft:bread":5,"minecraft:stone_pickaxe":5,"minecraft:oak_planks":13,"minecraft:poppy":1,"minecraft:wooden_pickaxe":6,"minecraft:stone_hoe":31,"minecraft:stone_axe":12,"minecraft:cobblestone":3,"minecraft:beef":3,"minecraft:bucket":2},"minecraft:custom":{"minecraft:time_since_rest":5595,"minecraft:interact_with_furnace":3,"minecraft:sprint_one_cm":43135,"minecraft:damage_taken":275,"minecraft:walk_one_cm":31296,"minecraft:mob_kills":9,"minecraft:damage_dealt":3130,"minecraft:interact_with_crafting_table":13,"minecraft:swim_one_cm":122,"minecraft:talked_to_villager":1,"minecraft:fly_one_cm":132229,"minecraft:player_kills":2,"minecraft:open_chest":1,"minecraft:crouch_one_cm":4625,"minecraft:play_time":47864,"minecraft:sneak_time":1911,"minecraft:walk_under_water_one_cm":9354,"minecraft:jump":338,"minecraft:leave_game":4,"minecraft:sleep_in_bed":1,"minecraft:time_since_death":47864,"minecraft:walk_on_water_one_cm":4743,"minecraft:total_world_time":47864,"minecraft:fall_one_cm":5320},"minecraft:broken":{"minecraft:wooden_axe":1},"minecraft:killed":{"minecraft:zombie":3,"minecraft:iron_golem":1,"minecraft:creeper":1,"minecraft:enderman":2,"minecraft:cow":2},"minecraft:picked_up":{"minecraft:wooden_axe":1,"minecraft:stripped_oak_log":3,"minecraft:crafting_table":1,"minecraft:leather":1,"minecraft:torch":1,"minecraft:oak_log":6,"minecraft:grass_block":1,"minecraft:gunpowder":2,"minecraft:rotten_flesh":3,"minecraft:wheat_seeds":1,"minecraft:hay_block":31,"minecraft:beef":4,"minecraft:bread":4,"minecraft:emerald":1,"minecraft:poppy":2,"minecraft:lectern":1,"minecraft:oak_planks":3,"minecraft:book":12,"minecraft:cobblestone":11,"minecraft:ender_pearl":2},"minecraft:mined":{"minecraft:hay_block":31,"minecraft:crafting_table":1,"minecraft:short_grass":1,"minecraft:bookshelf":4,"minecraft:oak_log":7,"minecraft:lectern":1,"minecraft:stripped_oak_log":3,"minecraft:cobblestone":11,"minecraft:oak_planks":3,"minecraft:wall_torch":1}},"DataVersion":3955}