{"stats":{"minecraft:crafted":{"minecraft:oak_door":3,"minecraft:smooth_stone":6,"minecraft:oak_planks":764,"minecraft:stone_shovel":4,"minecraft:furnace":7,"minecraft:blast_furnace":2,"minecraft:stone":8,"minecraft:bone_meal":72,"minecraft:bookshelf":2,"minecraft:white_carpet":3,"minecraft:flint_and_steel":1,"minecraft:oak_trapdoor":4,"minecraft:diamond_helmet":1,"minecraft:diamond_leggings":1,"minecraft:iron_axe":7,"minecraft:spruce_slab":12,"minecraft:stone_pickaxe":5,"minecraft:chest":4,"minecraft:diamond_boots":1,"minecraft:spruce_boat":1,"minecraft:stone_hoe":12,"minecraft:wheat":585,"minecraft:oak_slab":60,"minecraft:emerald":316,"minecraft:diamond_axe":2,"minecraft:crafting_table":6,"minecraft:spruce_planks":3925,"minecraft:wooden_pickaxe":1,"minecraft:iron_helmet":10,"minecraft:iron_sword":1,"minecraft:spruce_door":6,"minecraft:smithing_table":1,"minecraft:fletching_table":4,"minecraft:bucket":7,"minecraft:stone_axe":1,"minecraft:enchanted_book":3,"minecraft:bread":126,"minecraft:air":0,"minecraft:oak_boat":1,"minecraft:lectern":2,"minecraft:diamond_pickaxe":1,"minecraft:shield":1,"minecraft:stick":8905,"minecraft:iron_ingot":181,"minecraft:iron_pickaxe":4,"minecraft:stone_sword":1,"minecraft:gold_ingot":8,"minecraft:white_bed":11,"minecraft:torch":20,"minecraft:shears":2,"minecraft:diamond_chestplate":1},"minecraft:used":{"minecraft:oak_fence":6,"minecraft:oak_trapdoor":4,"minecraft:stone_sword":133,"minecraft:flint_and_steel":6,"minecraft:stone_shovel":457,"minecraft:poppy":1,"minecraft:oak_sign":1,"minecraft:spruce_planks":1,"minecraft:chest":6,"minecraft:shield":36,"minecraft:iron_sword":256,"minecraft:bell":2,"minecraft:stone_hoe":173,"minecraft:oak_door":4,"minecraft:torch":44,"minecraft:dirt":309,"minecraft:white_carpet":1,"minecraft:carrot":87,"minecraft:azure_bluet":1,"minecraft:obsidian":4,"minecraft:spruce_boat":1,"minecraft:wooden_axe":24,"minecraft:lava_bucket":9,"minecraft:iron_axe":718,"minecraft:grass_block":1,"minecraft:oak_stairs":18,"minecraft:basalt":50,"minecraft:beef":3,"minecraft:furnace":8,"minecraft:water_bucket":111,"minecraft:spruce_door":3,"minecraft:stone_pickaxe":495,"minecraft:oak_planks":48,"minecraft:sugar_cane":85,"minecraft:wooden_pickaxe":6,"minecraft:diamond_axe":545,"minecraft:composter":6,"minecraft:fletching_table":12,"minecraft:oak_slab":50,"minecraft:crafting_table":11,"minecraft:blast_furnace":2,"minecraft:white_bed":53,"minecraft:shears":59,"minecraft:oak_log":1,"minecraft:diamond_pickaxe":136,"minecraft:lectern":60,"minecraft:bread":110,"minecraft:iron_pickaxe":425,"minecraft:spruce_sapling":60,"minecraft:stone_axe":89,"minecraft:cobblestone":238,"minecraft:smithing_table":1,"minecraft:bucket":125,"minecraft:oak_boat":6,"minecraft:yellow_bed":2,"minecraft:bone_meal":59},"minecraft:custom":{"minecraft:interact_with_smithing_table":1,"minecraft:mob_kills":118,"minecraft:animals_bred":20,"minecraft:open_barrel":1,"minecraft:interact_with_crafting_table":69,"minecraft:bell_ring":83,"minecraft:leave_game":14,"minecraft:time_since_death":202794,"minecraft:sprint_one_cm":894557,"minecraft:walk_one_cm":542721,"minecraft:damage_blocked_by_shield":1430,"minecraft:drop":221,"minecraft:talked_to_villager":153,"minecraft:play_time":336813,"minecraft:sneak_time":35406,"minecraft:deaths":1,"minecraft:walk_under_water_one_cm":43469,"minecraft:boat_one_cm":133317,"minecraft:jump":5651,"minecraft:interact_with_blast_furnace":5,"minecraft:walk_on_water_one_cm":58697,"minecraft:total_world_time":336813,"minecraft:interact_with_furnace":53,"minecraft:traded_with_villager":349,"minecraft:interact_with_loom":1,"minecraft:sleep_in_bed":12,"minecraft:time_since_rest":18231,"minecraft:damage_taken":4169,"minecraft:damage_dealt":27153,"minecraft:player_kills":2,"minecraft:swim_one_cm":90773,"minecraft:fly_one_cm":1253834,"minecraft:open_chest":138,"minecraft:crouch_one_cm":113129,"minecraft:interact_with_smoker":1,"minecraft:fall_one_cm":125489},"minecraft:broken":{"minecraft:stone_sword":1,"minecraft:stone_pickaxe":3,"minecraft:iron_axe":1,"minecraft:iron_sword":1,"minecraft:wooden_axe":1,"minecraft:stone_shovel":2},"minecraft:dropped":{"minecraft:stone_hoe":11,"minecraft:iron_ingot":1,"minecraft:bread":14,"minecraft:wheat_seeds":1,"minecraft:diamond_axe":2,"minecraft:golden_horse_armor":1,"minecraft:feather":2,"minecraft:iron_helmet":10,"minecraft:cobblestone":368,"minecraft:chest_minecart":1,"minecraft:spruce_door":2,"minecraft:coal":2,"minecraft:emerald":22,"minecraft:stick":1440,"minecraft:dirt":38,"minecraft:bone_meal":29,"minecraft:iron_axe":3,"minecraft:iron_pickaxe":2,"minecraft:white_wool":33,"minecraft:music_disc_cat":1,"minecraft:spruce_sapling":48,"minecraft:oak_door":2,"minecraft:furnace":1,"minecraft:stone_axe":1,"minecraft:detector_rail":1,"minecraft:stone_sword":2,"minecraft:wheat":200,"minecraft:obsidian":1,"minecraft:beetroot":1,"minecraft:rotten_flesh":6,"minecraft:oak_planks":38,"minecraft:white_bed":11,"minecraft:recovery_compass":1,"minecraft:poppy":4,"minecraft:spruce_planks":1602,"minecraft:andesite":1,"minecraft:melon_seeds":16,"minecraft:spider_eye":2,"minecraft:bow":1,"minecraft:stone_pickaxe":1,"minecraft:egg":1},"minecraft:killed":{"minecraft:spider":7,"minecraft:skeleton":23,"minecraft:magma_cube":16,"minecraft:piglin":1,"minecraft:pig":1,"minecraft:iron_golem":9,"minecraft:wandering_trader":1,"minecraft:creeper":4,"minecraft:sheep":1,"minecraft:trader_llama":2,"minecraft:zombie":43,"minecraft:enderman":3,"minecraft:cow":2},"minecraft:picked_up":{"minecraft:wooden_axe":1,"minecraft:crafting_table":7,"minecraft:wheat":41,"minecraft:azure_bluet":3,"minecraft:chest_minecart":1,"minecraft:lead":2,"minecraft:oak_stairs":7,"minecraft:enchanted_book":1,"minecraft:diamond_horse_armor":1,"minecraft:cornflower":2,"minecraft:music_disc_cat":1,"minecraft:string":25,"minecraft:oak_trapdoor":3,"minecraft:raw_copper":14,"minecraft:iron_axe":4,"minecraft:oak_sign":1,"minecraft:blackstone":25,"minecraft:beetroot":4,"minecraft:cobbled_deepslate":54,"minecraft:detector_rail":1,"minecraft:bucket":1,"minecraft:spruce_planks":1756,"minecraft:beef":4,"minecraft:oak_boat":6,"minecraft:poppy":10,"minecraft:iron_pickaxe":2,"minecraft:lectern":58,"minecraft:sugar_cane":261,"minecraft:chest":2,"minecraft:furnace":4,"minecraft:egg":1,"minecraft:stick":1370,"minecraft:raw_iron":194,"minecraft:oak_door":3,"minecraft:composter":8,"minecraft:oak_fence":16,"minecraft:torch":34,"minecraft:porkchop":1,"minecraft:carrot":111,"minecraft:redstone":4,"minecraft:stone_sword":2,"minecraft:arrow":18,"minecraft:rotten_flesh":50,"minecraft:beetroot_seeds":8,"minecraft:hay_block":80,"minecraft:obsidian":4,"minecraft:cobblestone":894,"minecraft:rail":31,"minecraft:white_wool":101,"minecraft:stripped_oak_log":3,"minecraft:oxeye_daisy":2,"minecraft:magma_block":3,"minecraft:feather":2,"minecraft:basalt":80,"minecraft:andesite":1,"minecraft:leather":3,"minecraft:potato":59,"minecraft:flint":14,"minecraft:tuff":1,"minecraft:oak_log":186,"minecraft:yellow_bed":2,"minecraft:gunpowder":16,"minecraft:lapis_lazuli":156,"minecraft:dirt":427,"minecraft:name_tag":1,"minecraft:bone":24,"minecraft:bow":2,"minecraft:wheat_seeds":174,"minecraft:raw_gold":33,"minecraft:bell":3,"minecraft:iron_ingot":43,"minecraft:cobweb":46,"minecraft:stripped_oak_wood":3,"minecraft:fletching_table":8,"minecraft:stone_hoe":10,"minecraft:oak_planks":72,"minecraft:book":24,"minecraft:dandelion":11,"minecraft:gravel":70,"minecraft:grass_block":3,"minecraft:stripped_spruce_log":1,"minecraft:spruce_sapling":141,"minecraft:blast_furnace":1,"minecraft:white_bed":53,"minecraft:spruce_log":981,"minecraft:spider_eye":3,"minecraft:diamond":1,"minecraft:spruce_boat":1,"minecraft:stone_axe":1,"minecraft:short_grass":12,"minecraft:iron_helmet":10,"minecraft:diamond_axe":1,"minecraft:bone_meal":16,"minecraft:golden_apple":1,"minecraft:bread":7,"minecraft:golden_horse_armor":1,"minecraft:emerald":15,"minecraft:netherrack":2,"minecraft:melon_seeds":16,"minecraft:coal":50,"minecraft:ender_pearl":4},"minecraft:mined":{"minecraft:tuff":5,"minecraft:white_bed":42,"minecraft:oak_door":2,"minecraft:obsidian":4,"minecraft:granite":2,"minecraft:grass_block":175,"minecraft:spruce_leaves":24,"minecraft:composter":8,"minecraft:oxeye_daisy":2,"minecraft:spawner":1,"minecraft:hay_block":80,"minecraft:magma_block":3,"minecraft:oak_trapdoor":3,"minecraft:carrots":56,"minecraft:spruce_sapling":24,"minecraft:furnace":4,"minecraft:fire":14,"minecraft:iron_ore":167,"minecraft:cobbled_deepslate":6,"minecraft:andesite":1,"minecraft:stripped_spruce_log":1,"minecraft:fletching_table":8,"minecraft:azure_bluet":2,"minecraft:bell":3,"minecraft:bookshelf":8,"minecraft:potatoes":17,"minecraft:deepslate_iron_ore":14,"minecraft:dirt_path":52,"minecraft:rail":26,"minecraft:oak_stairs":7,"minecraft:stripped_oak_log":3,"minecraft:stone":475,"minecraft:blackstone":27,"minecraft:basalt":83,"minecraft:dandelion":9,"minecraft:oak_fence":15,"minecraft:cornflower":3,"minecraft:crafting_table":7,"minecraft:short_grass":60,"minecraft:blast_furnace":1,"minecraft:chest":2,"minecraft:lectern":58,"minecraft:copper_ore":4,"minecraft:tall_grass":23,"minecraft:cobblestone":54,"minecraft:deepslate_gold_ore":20,"minecraft:lapis_ore":26,"minecraft:oak_planks":32,"minecraft:sugar_cane":131,"minecraft:wall_torch":4,"minecraft:wheat":77,"minecraft:sweet_berry_bush":1,"minecraft:spruce_log":977,"minecraft:stripped_oak_wood":3,"minecraft:yellow_bed":2,"minecraft:oak_log":186,"minecraft:coal_ore":45,"minecraft:beetroots":3,"minecraft:gravel":91,"minecraft:dirt":141,"minecraft:cobweb":46,"minecraft:stonecutter":1,"minecraft:gold_ore":13,"minecraft:oak_leaves":2,"minecraft:deepslate":48,"minecraft:fern":1}},"DataVersion":3955}