{"stats":{"minecraft:crafted":{"minecraft:oak_door":3,"minecraft:smooth_stone":6,"minecraft:oak_planks":764,"minecraft:stone_shovel":4,"minecraft:furnace":6,"minecraft:blast_furnace":2,"minecraft:stone":8,"minecraft:bone_meal":36,"minecraft:white_carpet":3,"minecraft:oak_trapdoor":4,"minecraft:iron_axe":7,"minecraft:stone_pickaxe":5,"minecraft:chest":4,"minecraft:spruce_boat":1,"minecraft:stone_hoe":12,"minecraft:wheat":585,"minecraft:oak_slab":60,"minecraft:emerald":189,"minecraft:iron_helmet":10,"minecraft:diamond_axe":1,"minecraft:crafting_table":5,"minecraft:spruce_planks":2165,"minecraft:wooden_pickaxe":1,"minecraft:iron_sword":1,"minecraft:spruce_door":6,"minecraft:smithing_table":1,"minecraft:fletching_table":4,"minecraft:bucket":2,"minecraft:stone_axe":1,"minecraft:bread":105,"minecraft:air":0,"minecraft:oak_boat":1,"minecraft:shield":1,"minecraft:stick":5427,"minecraft:iron_ingot":67,"minecraft:iron_pickaxe":2,"minecraft:stone_sword":1,"minecraft:white_bed":11,"minecraft:torch":20,"minecraft:shears":1},"minecraft:used":{"minecraft:oak_trapdoor":4,"minecraft:oak_fence":6,"minecraft:stone_sword":133,"minecraft:stone_shovel":457,"minecraft:poppy":1,"minecraft:chest":4,"minecraft:shield":17,"minecraft:iron_sword":169,"minecraft:bell":2,"minecraft:stone_hoe":173,"minecraft:oak_door":4,"minecraft:torch":37,"minecraft:dirt":309,"minecraft:white_carpet":1,"minecraft:carrot":87,"minecraft:azure_bluet":1,"minecraft:obsidian":4,"minecraft:spruce_boat":1,"minecraft:wooden_axe":24,"minecraft:lava_bucket":9,"minecraft:iron_axe":672,"minecraft:grass_block":1,"minecraft:beef":3,"minecraft:furnace":7,"minecraft:water_bucket":90,"minecraft:spruce_door":3,"minecraft:stone_pickaxe":495,"minecraft:oak_planks":45,"minecraft:diamond_axe":81,"minecraft:sugar_cane":85,"minecraft:wooden_pickaxe":6,"minecraft:composter":6,"minecraft:fletching_table":8,"minecraft:oak_slab":50,"minecraft:crafting_table":9,"minecraft:blast_furnace":2,"minecraft:white_bed":53,"minecraft:shears":13,"minecraft:oak_log":1,"minecraft:bread":80,"minecraft:iron_pickaxe":251,"minecraft:spruce_sapling":27,"minecraft:stone_axe":89,"minecraft:cobblestone":214,"minecraft:smithing_table":1,"minecraft:bucket":98,"minecraft:yellow_bed":2,"minecraft:oak_boat":6,"minecraft:bone_meal":32},"minecraft:custom":{"minecraft:mob_kills":88,"minecraft:animals_bred":20,"minecraft:interact_with_crafting_table":57,"minecraft:bell_ring":83,"minecraft:leave_game":13,"minecraft:time_since_death":128713,"minecraft:sprint_one_cm":649515,"minecraft:walk_one_cm":393158,"minecraft:damage_blocked_by_shield":550,"minecraft:drop":181,"minecraft:talked_to_villager":58,"minecraft:play_time":262732,"minecraft:sneak_time":25772,"minecraft:deaths":1,"minecraft:walk_under_water_one_cm":35750,"minecraft:boat_one_cm":133317,"minecraft:jump":4326,"minecraft:walk_on_water_one_cm":50300,"minecraft:total_world_time":262732,"minecraft:interact_with_furnace":24,"minecraft:traded_with_villager":213,"minecraft:sleep_in_bed":8,"minecraft:time_since_rest":20988,"minecraft:damage_taken":3139,"minecraft:damage_dealt":22904,"minecraft:player_kills":2,"minecraft:swim_one_cm":66035,"minecraft:fly_one_cm":1064972,"minecraft:open_chest":85,"minecraft:crouch_one_cm":84816,"minecraft:fall_one_cm":95934},"minecraft:broken":{"minecraft:stone_sword":1,"minecraft:stone_pickaxe":3,"minecraft:iron_axe":1,"minecraft:wooden_axe":1,"minecraft:stone_shovel":2},"minecraft:dropped":{"minecraft:stone_hoe":11,"minecraft:iron_ingot":1,"minecraft:bread":14,"minecraft:wheat_seeds":1,"minecraft:iron_helmet":10,"minecraft:feather":2,"minecraft:cobblestone":368,"minecraft:spruce_door":2,"minecraft:stick":1440,"minecraft:dirt":38,"minecraft:iron_axe":3,"minecraft:iron_pickaxe":1,"minecraft:white_wool":33,"minecraft:spruce_sapling":10,"minecraft:stone_axe":1,"minecraft:stone_sword":2,"minecraft:wheat":200,"minecraft:obsidian":1,"minecraft:beetroot":1,"minecraft:rotten_flesh":6,"minecraft:oak_planks":38,"minecraft:white_bed":11,"minecraft:recovery_compass":1,"minecraft:poppy":4,"minecraft:spruce_planks":1602,"minecraft:andesite":1,"minecraft:bow":1,"minecraft:stone_pickaxe":1,"minecraft:egg":1},"minecraft:killed":{"minecraft:spider":5,"minecraft:skeleton":20,"minecraft:pig":1,"minecraft:iron_golem":8,"minecraft:wandering_trader":1,"minecraft:creeper":3,"minecraft:sheep":1,"minecraft:trader_llama":2,"minecraft:zombie":37,"minecraft:cow":2,"minecraft:enderman":3},"minecraft:picked_up":{"minecraft:wooden_axe":1,"minecraft:crafting_table":4,"minecraft:wheat":41,"minecraft:azure_bluet":3,"minecraft:lead":2,"minecraft:cornflower":2,"minecraft:string":11,"minecraft:oak_trapdoor":3,"minecraft:iron_axe":3,"minecraft:raw_copper":14,"minecraft:beetroot":4,"minecraft:cobbled_deepslate":48,"minecraft:spruce_planks":1756,"minecraft:beef":4,"minecraft:oak_boat":6,"minecraft:poppy":9,"minecraft:iron_pickaxe":1,"minecraft:lectern":2,"minecraft:sugar_cane":85,"minecraft:furnace":3,"minecraft:egg":1,"minecraft:stick":1332,"minecraft:raw_iron":79,"minecraft:oak_door":3,"minecraft:composter":8,"minecraft:oak_fence":16,"minecraft:torch":22,"minecraft:porkchop":1,"minecraft:carrot":111,"minecraft:stone_sword":2,"minecraft:arrow":15,"minecraft:rotten_flesh":46,"minecraft:beetroot_seeds":8,"minecraft:hay_block":80,"minecraft:cobblestone":853,"minecraft:white_wool":101,"minecraft:oxeye_daisy":2,"minecraft:stripped_oak_log":3,"minecraft:feather":2,"minecraft:andesite":1,"minecraft:leather":3,"minecraft:potato":59,"minecraft:flint":14,"minecraft:tuff":1,"minecraft:oak_log":186,"minecraft:yellow_bed":2,"minecraft:gunpowder":5,"minecraft:lapis_lazuli":136,"minecraft:dirt":423,"minecraft:bone":18,"minecraft:bow":2,"minecraft:wheat_seeds":174,"minecraft:raw_gold":18,"minecraft:bell":3,"minecraft:iron_ingot":32,"minecraft:stripped_oak_wood":3,"minecraft:fletching_table":4,"minecraft:stone_hoe":10,"minecraft:oak_planks":65,"minecraft:book":24,"minecraft:dandelion":11,"minecraft:gravel":70,"minecraft:stripped_spruce_log":1,"minecraft:spruce_sapling":68,"minecraft:blast_furnace":1,"minecraft:grass_block":3,"minecraft:white_bed":53,"minecraft:spruce_log":541,"minecraft:spider_eye":1,"minecraft:spruce_boat":1,"minecraft:stone_axe":1,"minecraft:short_grass":12,"minecraft:iron_helmet":10,"minecraft:emerald":1,"minecraft:bread":5,"minecraft:coal":48,"minecraft:ender_pearl":4},"minecraft:mined":{"minecraft:tuff":5,"minecraft:white_bed":42,"minecraft:oak_door":2,"minecraft:granite":1,"minecraft:grass_block":175,"minecraft:spruce_leaves":23,"minecraft:composter":8,"minecraft:oxeye_daisy":2,"minecraft:hay_block":80,"minecraft:oak_trapdoor":3,"minecraft:furnace":3,"minecraft:spruce_sapling":3,"minecraft:carrots":56,"minecraft:iron_ore":65,"minecraft:andesite":1,"minecraft:stripped_spruce_log":1,"minecraft:fletching_table":4,"minecraft:azure_bluet":2,"minecraft:bell":3,"minecraft:bookshelf":8,"minecraft:potatoes":17,"minecraft:deepslate_iron_ore":14,"minecraft:dirt_path":52,"minecraft:stripped_oak_log":3,"minecraft:stone":446,"minecraft:dandelion":9,"minecraft:oak_fence":15,"minecraft:crafting_table":4,"minecraft:cornflower":3,"minecraft:short_grass":57,"minecraft:blast_furnace":1,"minecraft:lectern":2,"minecraft:tall_grass":23,"minecraft:copper_ore":4,"minecraft:cobblestone":46,"minecraft:lapis_ore":23,"minecraft:deepslate_gold_ore":18,"minecraft:sugar_cane":48,"minecraft:oak_planks":29,"minecraft:wall_torch":4,"minecraft:wheat":77,"minecraft:sweet_berry_bush":1,"minecraft:spruce_log":546,"minecraft:stripped_oak_wood":3,"minecraft:yellow_bed":2,"minecraft:oak_log":186,"minecraft:coal_ore":45,"minecraft:beetroots":3,"minecraft:gravel":91,"minecraft:dirt":138,"minecraft:stonecutter":1,"minecraft:oak_leaves":2,"minecraft:deepslate":48,"minecraft:fern":1}},"DataVersion":3955}