{"stats":{"minecraft:crafted":{"minecraft:oak_door":3,"minecraft:smooth_stone":6,"minecraft:oak_planks":764,"minecraft:stone_shovel":4,"minecraft:furnace":7,"minecraft:blast_furnace":2,"minecraft:stone":8,"minecraft:bone_meal":36,"minecraft:white_carpet":3,"minecraft:oak_trapdoor":4,"minecraft:diamond_helmet":1,"minecraft:diamond_leggings":1,"minecraft:iron_axe":7,"minecraft:stone_pickaxe":5,"minecraft:chest":4,"minecraft:diamond_boots":1,"minecraft:spruce_boat":1,"minecraft:stone_hoe":12,"minecraft:wheat":585,"minecraft:oak_slab":60,"minecraft:emerald":204,"minecraft:diamond_axe":1,"minecraft:crafting_table":6,"minecraft:spruce_planks":2165,"minecraft:wooden_pickaxe":1,"minecraft:iron_helmet":10,"minecraft:iron_sword":1,"minecraft:spruce_door":6,"minecraft:smithing_table":1,"minecraft:fletching_table":4,"minecraft:bucket":7,"minecraft:stone_axe":1,"minecraft:bread":105,"minecraft:air":0,"minecraft:oak_boat":1,"minecraft:diamond_pickaxe":1,"minecraft:shield":1,"minecraft:stick":5427,"minecraft:iron_ingot":117,"minecraft:iron_pickaxe":4,"minecraft:stone_sword":1,"minecraft:gold_ingot":8,"minecraft:white_bed":11,"minecraft:torch":20,"minecraft:shears":2,"minecraft:diamond_chestplate":1},"minecraft:used":{"minecraft:oak_fence":6,"minecraft:oak_trapdoor":4,"minecraft:stone_sword":133,"minecraft:stone_shovel":457,"minecraft:poppy":1,"minecraft:chest":6,"minecraft:shield":28,"minecraft:iron_sword":230,"minecraft:bell":2,"minecraft:stone_hoe":173,"minecraft:oak_door":4,"minecraft:torch":44,"minecraft:dirt":309,"minecraft:white_carpet":1,"minecraft:carrot":87,"minecraft:azure_bluet":1,"minecraft:obsidian":4,"minecraft:spruce_boat":1,"minecraft:wooden_axe":24,"minecraft:lava_bucket":9,"minecraft:iron_axe":672,"minecraft:grass_block":1,"minecraft:beef":3,"minecraft:furnace":8,"minecraft:water_bucket":98,"minecraft:spruce_door":3,"minecraft:stone_pickaxe":495,"minecraft:oak_planks":45,"minecraft:sugar_cane":85,"minecraft:wooden_pickaxe":6,"minecraft:diamond_axe":85,"minecraft:composter":6,"minecraft:fletching_table":8,"minecraft:oak_slab":50,"minecraft:crafting_table":11,"minecraft:blast_furnace":2,"minecraft:white_bed":53,"minecraft:shears":59,"minecraft:oak_log":1,"minecraft:diamond_pickaxe":14,"minecraft:bread":96,"minecraft:iron_pickaxe":425,"minecraft:spruce_sapling":27,"minecraft:stone_axe":89,"minecraft:cobblestone":238,"minecraft:smithing_table":1,"minecraft:bucket":112,"minecraft:oak_boat":6,"minecraft:yellow_bed":2,"minecraft:bone_meal":32},"minecraft:custom":{"minecraft:mob_kills":101,"minecraft:animals_bred":20,"minecraft:interact_with_crafting_table":65,"minecraft:bell_ring":83,"minecraft:leave_game":14,"minecraft:time_since_death":154794,"minecraft:sprint_one_cm":795516,"minecraft:walk_one_cm":446381,"minecraft:damage_blocked_by_shield":1280,"minecraft:drop":193,"minecraft:talked_to_villager":70,"minecraft:play_time":288813,"minecraft:sneak_time":29485,"minecraft:deaths":1,"minecraft:walk_under_water_one_cm":38549,"minecraft:boat_one_cm":133317,"minecraft:jump":4840,"minecraft:interact_with_blast_furnace":2,"minecraft:walk_on_water_one_cm":51866,"minecraft:total_world_time":288813,"minecraft:interact_with_furnace":51,"minecraft:traded_with_villager":233,"minecraft:sleep_in_bed":10,"minecraft:time_since_rest":4807,"minecraft:damage_taken":3732,"minecraft:damage_dealt":26251,"minecraft:player_kills":2,"minecraft:swim_one_cm":80562,"minecraft:fly_one_cm":1151633,"minecraft:open_chest":91,"minecraft:crouch_one_cm":94538,"minecraft:fall_one_cm":109552},"minecraft:broken":{"minecraft:stone_sword":1,"minecraft:stone_pickaxe":3,"minecraft:iron_axe":1,"minecraft:wooden_axe":1,"minecraft:stone_shovel":2},"minecraft:dropped":{"minecraft:stone_hoe":11,"minecraft:iron_ingot":1,"minecraft:bread":14,"minecraft:wheat_seeds":1,"minecraft:golden_horse_armor":1,"minecraft:feather":2,"minecraft:iron_helmet":10,"minecraft:cobblestone":368,"minecraft:chest_minecart":1,"minecraft:spruce_door":2,"minecraft:coal":2,"minecraft:stick":1440,"minecraft:dirt":38,"minecraft:iron_axe":3,"minecraft:iron_pickaxe":2,"minecraft:white_wool":33,"minecraft:music_disc_cat":1,"minecraft:spruce_sapling":10,"minecraft:oak_door":2,"minecraft:furnace":1,"minecraft:stone_axe":1,"minecraft:detector_rail":1,"minecraft:stone_sword":2,"minecraft:wheat":200,"minecraft:obsidian":1,"minecraft:beetroot":1,"minecraft:rotten_flesh":6,"minecraft:oak_planks":38,"minecraft:white_bed":11,"minecraft:recovery_compass":1,"minecraft:poppy":4,"minecraft:spruce_planks":1602,"minecraft:andesite":1,"minecraft:melon_seeds":16,"minecraft:spider_eye":2,"minecraft:bow":1,"minecraft:stone_pickaxe":1,"minecraft:egg":1},"minecraft:killed":{"minecraft:spider":7,"minecraft:skeleton":23,"minecraft:pig":1,"minecraft:iron_golem":9,"minecraft:wandering_trader":1,"minecraft:creeper":4,"minecraft:sheep":1,"minecraft:trader_llama":2,"minecraft:zombie":43,"minecraft:enderman":3,"minecraft:cow":2},"minecraft:picked_up":{"minecraft:wooden_axe":1,"minecraft:crafting_table":6,"minecraft:wheat":41,"minecraft:azure_bluet":3,"minecraft:chest_minecart":1,"minecraft:lead":2,"minecraft:enchanted_book":1,"minecraft:diamond_horse_armor":1,"minecraft:cornflower":2,"minecraft:music_disc_cat":1,"minecraft:string":24,"minecraft:oak_trapdoor":3,"minecraft:raw_copper":14,"minecraft:iron_axe":3,"minecraft:beetroot":4,"minecraft:cobbled_deepslate":48,"minecraft:detector_rail":1,"minecraft:bucket":1,"minecraft:spruce_planks":1756,"minecraft:beef":4,"minecraft:oak_boat":6,"minecraft:poppy":9,"minecraft:iron_pickaxe":2,"minecraft:lectern":2,"minecraft:sugar_cane":261,"minecraft:chest":2,"minecraft:furnace":4,"minecraft:egg":1,"minecraft:stick":1332,"minecraft:raw_iron":194,"minecraft:oak_door":3,"minecraft:composter":8,"minecraft:oak_fence":16,"minecraft:torch":33,"minecraft:porkchop":1,"minecraft:carrot":111,"minecraft:redstone":4,"minecraft:stone_sword":2,"minecraft:arrow":18,"minecraft:rotten_flesh":50,"minecraft:beetroot_seeds":8,"minecraft:hay_block":80,"minecraft:obsidian":4,"minecraft:cobblestone":893,"minecraft:rail":31,"minecraft:white_wool":101,"minecraft:stripped_oak_log":3,"minecraft:oxeye_daisy":2,"minecraft:feather":2,"minecraft:andesite":1,"minecraft:leather":3,"minecraft:potato":59,"minecraft:flint":14,"minecraft:tuff":1,"minecraft:oak_log":186,"minecraft:yellow_bed":2,"minecraft:gunpowder":16,"minecraft:lapis_lazuli":156,"minecraft:dirt":423,"minecraft:name_tag":1,"minecraft:bone":24,"minecraft:bow":2,"minecraft:wheat_seeds":174,"minecraft:raw_gold":33,"minecraft:bell":3,"minecraft:iron_ingot":39,"minecraft:cobweb":46,"minecraft:stripped_oak_wood":3,"minecraft:fletching_table":4,"minecraft:stone_hoe":10,"minecraft:oak_planks":69,"minecraft:book":24,"minecraft:dandelion":11,"minecraft:gravel":70,"minecraft:grass_block":3,"minecraft:stripped_spruce_log":1,"minecraft:spruce_sapling":68,"minecraft:blast_furnace":1,"minecraft:white_bed":53,"minecraft:spruce_log":541,"minecraft:spider_eye":3,"minecraft:diamond":1,"minecraft:spruce_boat":1,"minecraft:stone_axe":1,"minecraft:short_grass":12,"minecraft:iron_helmet":10,"minecraft:golden_apple":1,"minecraft:bread":7,"minecraft:golden_horse_armor":1,"minecraft:emerald":1,"minecraft:melon_seeds":16,"minecraft:coal":50,"minecraft:ender_pearl":4},"minecraft:mined":{"minecraft:tuff":5,"minecraft:white_bed":42,"minecraft:oak_door":2,"minecraft:obsidian":4,"minecraft:granite":2,"minecraft:grass_block":175,"minecraft:spruce_leaves":23,"minecraft:composter":8,"minecraft:oxeye_daisy":2,"minecraft:spawner":1,"minecraft:hay_block":80,"minecraft:oak_trapdoor":3,"minecraft:carrots":56,"minecraft:spruce_sapling":3,"minecraft:furnace":4,"minecraft:iron_ore":167,"minecraft:andesite":1,"minecraft:stripped_spruce_log":1,"minecraft:fletching_table":4,"minecraft:azure_bluet":2,"minecraft:bell":3,"minecraft:bookshelf":8,"minecraft:potatoes":17,"minecraft:deepslate_iron_ore":14,"minecraft:dirt_path":52,"minecraft:rail":26,"minecraft:stripped_oak_log":3,"minecraft:stone":475,"minecraft:dandelion":9,"minecraft:oak_fence":15,"minecraft:cornflower":3,"minecraft:crafting_table":6,"minecraft:short_grass":59,"minecraft:blast_furnace":1,"minecraft:chest":2,"minecraft:lectern":2,"minecraft:copper_ore":4,"minecraft:tall_grass":23,"minecraft:cobblestone":52,"minecraft:deepslate_gold_ore":20,"minecraft:lapis_ore":26,"minecraft:oak_planks":29,"minecraft:sugar_cane":131,"minecraft:wall_torch":4,"minecraft:wheat":77,"minecraft:sweet_berry_bush":1,"minecraft:spruce_log":546,"minecraft:stripped_oak_wood":3,"minecraft:yellow_bed":2,"minecraft:oak_log":186,"minecraft:coal_ore":45,"minecraft:beetroots":3,"minecraft:gravel":91,"minecraft:dirt":138,"minecraft:cobweb":46,"minecraft:stonecutter":1,"minecraft:gold_ore":13,"minecraft:oak_leaves":2,"minecraft:deepslate":48,"minecraft:fern":1}},"DataVersion":3955}