{"stats":{"minecraft:crafted":{"minecraft:oak_planks":56,"minecraft:stone_shovel":3,"minecraft:wooden_pickaxe":1,"minecraft:stone_axe":1,"minecraft:bread":64,"minecraft:stick":20,"minecraft:stone_pickaxe":1,"minecraft:stone_sword":1,"minecraft:stone_hoe":1,"minecraft:wheat":279},"minecraft:used":{"minecraft:oak_fence":6,"minecraft:water_bucket":14,"minecraft:stone_sword":24,"minecraft:stone_shovel":258,"minecraft:stone_pickaxe":21,"minecraft:poppy":1,"minecraft:oak_planks":30,"minecraft:wooden_pickaxe":6,"minecraft:stone_hoe":50,"minecraft:crafting_table":1,"minecraft:wooden_axe":24,"minecraft:lava_bucket":9,"minecraft:grass_block":1,"minecraft:bread":7,"minecraft:stone_axe":32,"minecraft:cobblestone":5,"minecraft:beef":3,"minecraft:bucket":20},"minecraft:custom":{"minecraft:interact_with_furnace":3,"minecraft:mob_kills":10,"minecraft:animals_bred":5,"minecraft:interact_with_crafting_table":17,"minecraft:leave_game":4,"minecraft:time_since_death":59864,"minecraft:sleep_in_bed":1,"minecraft:time_since_rest":17595,"minecraft:sprint_one_cm":86277,"minecraft:damage_taken":275,"minecraft:walk_one_cm":89044,"minecraft:drop":1,"minecraft:damage_dealt":3330,"minecraft:swim_one_cm":122,"minecraft:talked_to_villager":1,"minecraft:fly_one_cm":165589,"minecraft:player_kills":2,"minecraft:open_chest":1,"minecraft:crouch_one_cm":19943,"minecraft:play_time":59864,"minecraft:sneak_time":4417,"minecraft:walk_under_water_one_cm":9380,"minecraft:jump":504,"minecraft:walk_on_water_one_cm":8749,"minecraft:total_world_time":59864,"minecraft:fall_one_cm":7944},"minecraft:broken":{"minecraft:wooden_axe":1,"minecraft:stone_shovel":1},"minecraft:dropped":{"minecraft:poppy":1},"minecraft:killed":{"minecraft:iron_golem":1,"minecraft:creeper":1,"minecraft:skeleton":1,"minecraft:zombie":3,"minecraft:enderman":2,"minecraft:cow":2},"minecraft:picked_up":{"minecraft:wooden_axe":1,"minecraft:stripped_oak_log":3,"minecraft:crafting_table":1,"minecraft:leather":1,"minecraft:oak_log":11,"minecraft:gunpowder":2,"minecraft:dirt":256,"minecraft:wheat_seeds":6,"minecraft:beef":4,"minecraft:poppy":2,"minecraft:lectern":1,"minecraft:oak_planks":11,"minecraft:book":12,"minecraft:oak_fence":6,"minecraft:torch":1,"minecraft:grass_block":1,"minecraft:arrow":1,"minecraft:rotten_flesh":3,"minecraft:hay_block":50,"minecraft:emerald":1,"minecraft:bread":4,"minecraft:cobblestone":26,"minecraft:ender_pearl":2},"minecraft:mined":{"minecraft:oak_fence":6,"minecraft:crafting_table":1,"minecraft:short_grass":5,"minecraft:grass_block":141,"minecraft:lectern":1,"minecraft:cobblestone":13,"minecraft:oak_planks":13,"minecraft:wall_torch":1,"minecraft:hay_block":50,"minecraft:bookshelf":4,"minecraft:oak_log":11,"minecraft:dirt_path":39,"minecraft:dirt":76,"minecraft:stripped_oak_log":3,"minecraft:stone":13}},"DataVersion":3955}