{"stats":{"minecraft:used":{"minecraft:beef":1},"minecraft:custom":{"minecraft:jump":102,"minecraft:time_since_rest":17864,"minecraft:damage_dealt":660,"minecraft:damage_taken":50,"minecraft:crouch_one_cm":186,"minecraft:leave_game":4,"minecraft:play_time":17864,"minecraft:sprint_one_cm":5337,"minecraft:time_since_death":17864,"minecraft:walk_on_water_one_cm":4096,"minecraft:walk_one_cm":3460,"minecraft:sneak_time":415,"minecraft:total_world_time":17864,"minecraft:walk_under_water_one_cm":9354,"minecraft:mob_kills":1,"minecraft:swim_one_cm":122,"minecraft:fall_one_cm":838,"minecraft:fly_one_cm":91483,"minecraft:player_kills":2},"minecraft:killed":{"minecraft:cow":1},"minecraft:picked_up":{"minecraft:beef":2}},"DataVersion":3955}