{"stats":{"minecraft:crafted":{"minecraft:grindstone":1,"minecraft:oak_planks":764,"minecraft:smooth_stone":6,"minecraft:blaze_powder":8,"minecraft:stone":9,"minecraft:diamond_shovel":1,"minecraft:bookshelf":9,"minecraft:diamond_helmet":1,"minecraft:diamond_leggings":1,"minecraft:chest":5,"minecraft:stone_hoe":12,"minecraft:ender_eye":4,"minecraft:oak_slab":78,"minecraft:emerald":779,"minecraft:diamond_axe":3,"minecraft:crafting_table":70,"minecraft:spruce_planks":11613,"minecraft:wooden_pickaxe":1,"minecraft:iron_helmet":10,"minecraft:spruce_door":6,"minecraft:smithing_table":1,"minecraft:fletching_table":5,"minecraft:apple":48,"minecraft:lectern":8,"minecraft:paper":135,"minecraft:diamond_pickaxe":1,"minecraft:shield":1,"minecraft:stick":23491,"minecraft:stone_slab":6,"minecraft:iron_ingot":181,"minecraft:iron_pickaxe":4,"minecraft:iron_block":3,"minecraft:stone_sword":1,"minecraft:gold_ingot":15,"minecraft:shears":2,"minecraft:oak_door":3,"minecraft:stone_shovel":4,"minecraft:furnace":7,"minecraft:blast_furnace":2,"minecraft:bone_meal":390,"minecraft:white_carpet":6,"minecraft:oak_trapdoor":4,"minecraft:flint_and_steel":1,"minecraft:iron_axe":17,"minecraft:spruce_slab":12,"minecraft:stone_pickaxe":5,"minecraft:diamond_boots":1,"minecraft:spruce_boat":1,"minecraft:wheat":720,"minecraft:iron_sword":1,"minecraft:bucket":9,"minecraft:stone_axe":1,"minecraft:enchanted_book":12,"minecraft:bread":188,"minecraft:air":0,"minecraft:oak_boat":1,"minecraft:iron_shovel":1,"minecraft:anvil":1,"minecraft:white_bed":20,"minecraft:torch":20,"minecraft:diamond_chestplate":1},"minecraft:used":{"minecraft:iron_shovel":255,"minecraft:poppy":3,"minecraft:oak_sign":1,"minecraft:chest":7,"minecraft:shield":49,"minecraft:iron_sword":256,"minecraft:bell":2,"minecraft:carrot":104,"minecraft:azure_bluet":1,"minecraft:obsidian":4,"minecraft:spruce_boat":1,"minecraft:lava_bucket":9,"minecraft:villager_spawn_egg":7,"minecraft:grass_block":1,"minecraft:bow":5,"minecraft:furnace":8,"minecraft:spruce_door":3,"minecraft:stone_pickaxe":495,"minecraft:oak_planks":50,"minecraft:wooden_pickaxe":6,"minecraft:composter":6,"minecraft:sugar_cane":146,"minecraft:diamond_axe":3138,"minecraft:blast_furnace":2,"minecraft:shears":59,"minecraft:bread":160,"minecraft:lectern":885,"minecraft:grindstone":3,"minecraft:smithing_table":1,"minecraft:oak_boat":6,"minecraft:bone_meal":314,"minecraft:oak_fence":6,"minecraft:oak_trapdoor":4,"minecraft:stone_sword":133,"minecraft:flint_and_steel":6,"minecraft:stone_shovel":457,"minecraft:spruce_planks":52,"minecraft:stone_hoe":173,"minecraft:netherrack":6,"minecraft:oak_door":4,"minecraft:torch":44,"minecraft:dirt":900,"minecraft:anvil":1,"minecraft:white_carpet":5,"minecraft:wooden_axe":24,"minecraft:bookshelf":1,"minecraft:iron_axe":718,"minecraft:oak_stairs":73,"minecraft:diamond_chestplate":1,"minecraft:basalt":57,"minecraft:beef":3,"minecraft:cobbled_deepslate":10,"minecraft:water_bucket":143,"minecraft:fletching_table":23,"minecraft:oak_slab":50,"minecraft:crafting_table":77,"minecraft:white_bed":67,"minecraft:spruce_log":5,"minecraft:oak_log":1,"minecraft:ender_eye":1,"minecraft:diamond_pickaxe":245,"minecraft:diamond_shovel":391,"minecraft:iron_pickaxe":425,"minecraft:spruce_trapdoor":13,"minecraft:spruce_sapling":291,"minecraft:stone_axe":89,"minecraft:cobblestone":293,"minecraft:bucket":156,"minecraft:yellow_bed":2},"minecraft:custom":{"minecraft:animals_bred":20,"minecraft:interact_with_crafting_table":95,"minecraft:open_barrel":1,"minecraft:bell_ring":83,"minecraft:leave_game":18,"minecraft:time_since_death":25347,"minecraft:sprint_one_cm":1353364,"minecraft:damage_blocked_by_shield":2120,"minecraft:drop":303,"minecraft:talked_to_villager":1106,"minecraft:play_time":560297,"minecraft:deaths":2,"minecraft:jump":8831,"minecraft:walk_on_water_one_cm":96206,"minecraft:interact_with_furnace":68,"minecraft:traded_with_villager":858,"minecraft:interact_with_loom":1,"minecraft:sleep_in_bed":22,"minecraft:damage_dealt":40560,"minecraft:player_kills":3,"minecraft:crouch_one_cm":222641,"minecraft:interact_with_smoker":1,"minecraft:interact_with_smithing_table":1,"minecraft:mob_kills":171,"minecraft:interact_with_anvil":8,"minecraft:walk_one_cm":1050185,"minecraft:sneak_time":56865,"minecraft:walk_under_water_one_cm":68387,"minecraft:boat_one_cm":133317,"minecraft:interact_with_blast_furnace":5,"minecraft:total_world_time":560297,"minecraft:interact_with_grindstone":2,"minecraft:time_since_rest":25375,"minecraft:damage_taken":5708,"minecraft:swim_one_cm":115379,"minecraft:fly_one_cm":1752092,"minecraft:open_chest":280,"minecraft:fall_one_cm":192250},"minecraft:broken":{"minecraft:iron_shovel":1,"minecraft:stone_pickaxe":3,"minecraft:iron_sword":1,"minecraft:wooden_axe":1,"minecraft:stone_shovel":2,"minecraft:stone_sword":1,"minecraft:shield":1,"minecraft:iron_axe":1},"minecraft:dropped":{"minecraft:diamond_axe":3,"minecraft:chest_minecart":1,"minecraft:leather_helmet":1,"minecraft:flint":3,"minecraft:emerald":22,"minecraft:dirt":38,"minecraft:bone_meal":29,"minecraft:iron_pickaxe":3,"minecraft:white_wool":33,"minecraft:oak_door":2,"minecraft:stone_axe":1,"minecraft:detector_rail":1,"minecraft:wheat":329,"minecraft:obsidian":1,"minecraft:beetroot":1,"minecraft:rotten_flesh":6,"minecraft:oak_planks":38,"minecraft:white_bed":19,"minecraft:recovery_compass":1,"minecraft:carrot":51,"minecraft:poppy":4,"minecraft:melon_seeds":16,"minecraft:egg":1,"minecraft:stone_hoe":11,"minecraft:iron_ingot":5,"minecraft:bread":14,"minecraft:wheat_seeds":3,"minecraft:golden_horse_armor":1,"minecraft:iron_helmet":10,"minecraft:feather":2,"minecraft:cobblestone":368,"minecraft:book":10,"minecraft:spruce_door":2,"minecraft:coal":2,"minecraft:stick":1440,"minecraft:iron_axe":14,"minecraft:bucket":2,"minecraft:music_disc_cat":1,"minecraft:spruce_sapling":59,"minecraft:dandelion":1,"minecraft:furnace":1,"minecraft:oak_trapdoor":1,"minecraft:stone_sword":2,"minecraft:ender_eye":1,"minecraft:spruce_planks":4222,"minecraft:andesite":1,"minecraft:spider_eye":2,"minecraft:spruce_log":52,"minecraft:bow":1,"minecraft:stone_pickaxe":1,"minecraft:magma_cream":1},"minecraft:killed":{"minecraft:spider":8,"minecraft:skeleton":28,"minecraft:magma_cube":16,"minecraft:piglin":1,"minecraft:pig":1,"minecraft:iron_golem":13,"minecraft:creeper":5,"minecraft:sheep":1,"minecraft:trader_llama":2,"minecraft:zombie":63,"minecraft:cow":2,"minecraft:blaze":13,"minecraft:wandering_trader":1,"minecraft:squid":1,"minecraft:wither_skeleton":1,"minecraft:villager":5,"minecraft:enderman":3},"minecraft:picked_up":{"minecraft:wooden_axe":1,"minecraft:wheat":42,"minecraft:lead":2,"minecraft:oak_stairs":9,"minecraft:enchanted_book":1,"minecraft:music_disc_cat":1,"minecraft:string":27,"minecraft:raw_copper":14,"minecraft:oak_sign":1,"minecraft:beetroot":4,"minecraft:cobbled_deepslate":123,"minecraft:bucket":1,"minecraft:spruce_planks":4435,"minecraft:ender_eye":1,"minecraft:iron_pickaxe":2,"minecraft:furnace":4,"minecraft:stick":1469,"minecraft:composter":8,"minecraft:oak_fence":16,"minecraft:torch":37,"minecraft:porkchop":1,"minecraft:stone_sword":2,"minecraft:rotten_flesh":73,"minecraft:blaze_rod":4,"minecraft:obsidian":4,"minecraft:cobblestone":928,"minecraft:magma_block":3,"minecraft:feather":2,"minecraft:magma_cream":2,"minecraft:andesite":1,"minecraft:potato":59,"minecraft:flint":17,"minecraft:tuff":1,"minecraft:lapis_lazuli":156,"minecraft:dirt":1024,"minecraft:name_tag":1,"minecraft:bone":29,"minecraft:bow":2,"minecraft:wheat_seeds":177,"minecraft:raw_gold":33,"minecraft:bell":3,"minecraft:grindstone":2,"minecraft:fletching_table":18,"minecraft:stone_hoe":10,"minecraft:oak_planks":100,"minecraft:sand":47,"minecraft:stripped_spruce_log":2,"minecraft:ink_sac":4,"minecraft:grass_block":3,"minecraft:diamond":1,"minecraft:spruce_boat":1,"minecraft:bone_meal":16,"minecraft:golden_apple":1,"minecraft:bread":7,"minecraft:golden_horse_armor":1,"minecraft:emerald":15,"minecraft:netherrack":6,"minecraft:crafting_table":8,"minecraft:azure_bluet":3,"minecraft:chest_minecart":1,"minecraft:diamond_horse_armor":1,"minecraft:cornflower":2,"minecraft:oak_trapdoor":5,"minecraft:iron_axe":14,"minecraft:white_carpet":1,"minecraft:blackstone":25,"minecraft:detector_rail":1,"minecraft:beef":4,"minecraft:oak_boat":6,"minecraft:poppy":16,"minecraft:lectern":501,"minecraft:sugar_cane":393,"minecraft:chest":2,"minecraft:spruce_trapdoor":3,"minecraft:egg":1,"minecraft:raw_iron":194,"minecraft:oak_door":3,"minecraft:carrot":179,"minecraft:redstone":4,"minecraft:arrow":21,"minecraft:beetroot_seeds":8,"minecraft:nether_bricks":5,"minecraft:hay_block":80,"minecraft:white_wool":170,"minecraft:rail":31,"minecraft:bone_block":35,"minecraft:oxeye_daisy":3,"minecraft:stripped_oak_log":3,"minecraft:basalt":95,"minecraft:leather":3,"minecraft:oak_log":186,"minecraft:yellow_bed":2,"minecraft:gunpowder":16,"minecraft:iron_ingot":57,"minecraft:cobweb":46,"minecraft:stripped_oak_wood":3,"minecraft:book":37,"minecraft:dandelion":13,"minecraft:gravel":73,"minecraft:spruce_sapling":350,"minecraft:blast_furnace":2,"minecraft:white_bed":66,"minecraft:spruce_log":2963,"minecraft:spider_eye":3,"minecraft:leather_helmet":1,"minecraft:stone_axe":1,"minecraft:short_grass":12,"minecraft:iron_helmet":10,"minecraft:diamond_axe":2,"minecraft:melon_seeds":16,"minecraft:coal":54,"minecraft:ender_pearl":4},"minecraft:mined":{"minecraft:spruce_planks":8,"minecraft:white_bed":46,"minecraft:farmland":48,"minecraft:obsidian":4,"minecraft:spruce_trapdoor":4,"minecraft:granite":2,"minecraft:grass_block":441,"minecraft:composter":8,"minecraft:oxeye_daisy":3,"minecraft:spawner":1,"minecraft:magma_block":3,"minecraft:iron_ore":167,"minecraft:cobbled_deepslate":11,"minecraft:fire":19,"minecraft:fletching_table":18,"minecraft:azure_bluet":2,"minecraft:dirt_path":133,"minecraft:oak_stairs":9,"minecraft:blackstone":27,"minecraft:soul_fire":1,"minecraft:torch":1,"minecraft:blast_furnace":2,"minecraft:poppy":1,"minecraft:chest":2,"minecraft:cobblestone":54,"minecraft:grindstone":2,"minecraft:sugar_cane":201,"minecraft:oak_planks":62,"minecraft:wall_torch":5,"minecraft:seagrass":1,"minecraft:wheat":77,"minecraft:stripped_oak_wood":3,"minecraft:oak_log":186,"minecraft:beetroots":3,"minecraft:sand":45,"minecraft:dirt":344,"minecraft:stonecutter":1,"minecraft:netherrack":4,"minecraft:oak_leaves":2,"minecraft:deepslate":48,"minecraft:tuff":5,"minecraft:oak_door":2,"minecraft:nether_bricks":6,"minecraft:spruce_leaves":56,"minecraft:hay_block":80,"minecraft:oak_trapdoor":4,"minecraft:spruce_sapling":109,"minecraft:furnace":4,"minecraft:carrots":73,"minecraft:andesite":1,"minecraft:stripped_spruce_log":2,"minecraft:bell":3,"minecraft:nether_brick_fence":1,"minecraft:bookshelf":9,"minecraft:potatoes":17,"minecraft:deepslate_iron_ore":14,"minecraft:rail":26,"minecraft:stripped_oak_log":3,"minecraft:stone":509,"minecraft:bone_block":35,"minecraft:basalt":104,"minecraft:dandelion":10,"minecraft:oak_fence":15,"minecraft:crafting_table":8,"minecraft:cornflower":3,"minecraft:short_grass":84,"minecraft:lectern":501,"minecraft:tall_grass":25,"minecraft:copper_ore":4,"minecraft:lapis_ore":26,"minecraft:deepslate_gold_ore":20,"minecraft:sweet_berry_bush":1,"minecraft:white_carpet":1,"minecraft:spruce_log":2903,"minecraft:yellow_bed":2,"minecraft:coal_ore":45,"minecraft:gravel":94,"minecraft:cobweb":46,"minecraft:gold_ore":13,"minecraft:fern":1}},"DataVersion":3955}