{"stats":{"minecraft:used":{"minecraft:water_bucket":4,"minecraft:cobblestone":2,"minecraft:beef":2,"minecraft:bread":1,"minecraft:bucket":1},"minecraft:custom":{"minecraft:time_since_rest":35864,"minecraft:crouch_one_cm":579,"minecraft:sprint_one_cm":13614,"minecraft:play_time":35864,"minecraft:damage_taken":70,"minecraft:walk_one_cm":11627,"minecraft:sneak_time":677,"minecraft:walk_under_water_one_cm":9354,"minecraft:mob_kills":2,"minecraft:jump":159,"minecraft:damage_dealt":770,"minecraft:leave_game":4,"minecraft:walk_on_water_one_cm":4683,"minecraft:time_since_death":35864,"minecraft:total_world_time":35864,"minecraft:swim_one_cm":122,"minecraft:fall_one_cm":2427,"minecraft:fly_one_cm":101439,"minecraft:player_kills":2},"minecraft:killed":{"minecraft:cow":2},"minecraft:picked_up":{"minecraft:leather":1,"minecraft:wheat_seeds":1,"minecraft:beef":4,"minecraft:bread":2},"minecraft:mined":{"minecraft:short_grass":1}},"DataVersion":3955}