{"stats":{"minecraft:crafted":{"minecraft:oak_planks":76,"minecraft:barrel":1,"minecraft:stone_shovel":1,"minecraft:furnace":4,"minecraft:loom":1,"minecraft:cooked_mutton":13,"minecraft:oak_trapdoor":8,"minecraft:flint_and_steel":1,"minecraft:iron_axe":4,"minecraft:ladder":6,"minecraft:stone_pickaxe":2,"minecraft:chest":1,"minecraft:oak_fence":3,"minecraft:golden_boots":1,"minecraft:smoker":1,"minecraft:cooked_beef":5,"minecraft:cooked_cod":3,"minecraft:oak_slab":30,"minecraft:arrow":16,"minecraft:crafting_table":4,"minecraft:iron_helmet":1,"minecraft:wooden_pickaxe":1,"minecraft:baked_potato":16,"minecraft:iron_sword":2,"minecraft:smithing_table":1,"minecraft:fletching_table":1,"minecraft:bucket":3,"minecraft:stone_axe":2,"minecraft:air":0,"minecraft:oak_boat":1,"minecraft:wooden_hoe":1,"minecraft:iron_chestplate":1,"minecraft:shield":3,"minecraft:stick":68,"minecraft:iron_ingot":75,"minecraft:iron_pickaxe":9,"minecraft:iron_shovel":1,"minecraft:iron_leggings":1,"minecraft:gold_ingot":8,"minecraft:white_bed":2,"minecraft:composter":1,"minecraft:torch":8},"minecraft:used":{"minecraft:oak_fence":3,"minecraft:oak_trapdoor":4,"minecraft:iron_shovel":257,"minecraft:flint_and_steel":1,"minecraft:stone_shovel":135,"minecraft:chest":3,"minecraft:shield":62,"minecraft:iron_sword":236,"minecraft:rotten_flesh":18,"minecraft:netherrack":47,"minecraft:iron_chestplate":5,"minecraft:torch":10,"minecraft:dirt":333,"minecraft:mutton":1,"minecraft:carrot":6,"minecraft:milk_bucket":1,"minecraft:lava_bucket":26,"minecraft:iron_axe":670,"minecraft:iron_helmet":2,"minecraft:barrel":2,"minecraft:basalt":124,"minecraft:beef":1,"minecraft:furnace":6,"minecraft:cooked_cod":3,"minecraft:potato":6,"minecraft:cooked_beef":5,"minecraft:golden_boots":3,"minecraft:iron_leggings":1,"minecraft:cooked_mutton":13,"minecraft:wheat_seeds":3,"minecraft:water_bucket":17,"minecraft:diorite":3,"minecraft:stone_pickaxe":263,"minecraft:baked_potato":16,"minecraft:oak_planks":5,"minecraft:wooden_pickaxe":59,"minecraft:composter":1,"minecraft:blackstone":3,"minecraft:fletching_table":1,"minecraft:white_wool":1,"minecraft:oak_slab":1,"minecraft:loom":2,"minecraft:blast_furnace":1,"minecraft:crafting_table":10,"minecraft:white_bed":9,"minecraft:smoker":1,"minecraft:wooden_hoe":8,"minecraft:bread":21,"minecraft:iron_pickaxe":1533,"minecraft:gravel":13,"minecraft:stone_axe":283,"minecraft:cobblestone":660,"minecraft:smithing_table":1,"minecraft:andesite":14,"minecraft:bucket":44,"minecraft:yellow_bed":6,"minecraft:oak_boat":24},"minecraft:custom":{"minecraft:interact_with_smithing_table":1,"minecraft:mob_kills":68,"minecraft:interact_with_crafting_table":64,"minecraft:open_barrel":3,"minecraft:leave_game":7,"minecraft:time_since_death":218,"minecraft:sprint_one_cm":767344,"minecraft:walk_one_cm":594983,"minecraft:damage_blocked_by_shield":1528,"minecraft:drop":6,"minecraft:talked_to_villager":43,"minecraft:play_time":357570,"minecraft:deaths":17,"minecraft:sneak_time":45740,"minecraft:walk_under_water_one_cm":45753,"minecraft:boat_one_cm":385909,"minecraft:jump":6305,"minecraft:interact_with_blast_furnace":10,"minecraft:walk_on_water_one_cm":76688,"minecraft:total_world_time":357570,"minecraft:interact_with_furnace":24,"minecraft:traded_with_villager":1,"minecraft:interact_with_loom":2,"minecraft:sleep_in_bed":16,"minecraft:time_since_rest":251,"minecraft:damage_taken":7108,"minecraft:damage_dealt":10435,"minecraft:swim_one_cm":71135,"minecraft:fly_one_cm":1012557,"minecraft:open_chest":113,"minecraft:crouch_one_cm":143672,"minecraft:interact_with_smoker":9,"minecraft:fall_one_cm":127029},"minecraft:broken":{"minecraft:iron_shovel":1,"minecraft:wooden_pickaxe":1,"minecraft:stone_pickaxe":2,"minecraft:iron_axe":2,"minecraft:stone_axe":2,"minecraft:iron_pickaxe":4,"minecraft:stone_shovel":1},"minecraft:dropped":{"minecraft:gold_nugget":1,"minecraft:iron_axe":1,"minecraft:potato":4},"minecraft:killed":{"minecraft:zombified_piglin":3,"minecraft:spider":4,"minecraft:cod":3,"minecraft:skeleton":3,"minecraft:chicken":2,"minecraft:magma_cube":6,"minecraft:piglin":2,"minecraft:pig":1,"minecraft:creeper":1,"minecraft:sheep":12,"minecraft:zombie":23,"minecraft:blaze":1,"minecraft:cow":6},"minecraft:killed_by":{"minecraft:ghast":1,"minecraft:player":2,"minecraft:zombified_piglin":3,"minecraft:iron_golem":4,"minecraft:drowned":1,"minecraft:piglin":1,"minecraft:zombie":1},"minecraft:picked_up":{"minecraft:iron_chestplate":6,"minecraft:crafting_table":9,"minecraft:azure_bluet":2,"minecraft:chicken":2,"minecraft:ladder":6,"minecraft:wooden_pickaxe":1,"minecraft:oak_stairs":355,"minecraft:shield":9,"minecraft:cornflower":2,"minecraft:oak_trapdoor":1,"minecraft:string":6,"minecraft:raw_copper":23,"minecraft:iron_axe":3,"minecraft:iron_leggings":3,"minecraft:iron_shovel":3,"minecraft:blackstone":14,"minecraft:gold_nugget":82,"minecraft:smooth_stone":8,"minecraft:bucket":3,"minecraft:beef":14,"minecraft:oak_boat":29,"minecraft:poppy":2,"minecraft:iron_pickaxe":7,"minecraft:light_gray_wool":2,"minecraft:sugar_cane":15,"minecraft:chest":2,"minecraft:furnace":7,"minecraft:egg":1,"minecraft:stick":6,"minecraft:raw_iron":96,"minecraft:oak_door":10,"minecraft:composter":1,"minecraft:oak_fence":6,"minecraft:torch":43,"minecraft:recovery_compass":1,"minecraft:porkchop":3,"minecraft:diorite":12,"minecraft:carrot":10,"minecraft:arrow":5,"minecraft:rotten_flesh":35,"minecraft:cooked_cod":3,"minecraft:hay_block":2,"minecraft:gold_ingot":5,"minecraft:white_terracotta":62,"minecraft:mutton":19,"minecraft:cod":3,"minecraft:white_wool":11,"minecraft:cobblestone":1169,"minecraft:oxeye_daisy":3,"minecraft:stripped_oak_log":64,"minecraft:cooked_beef":5,"minecraft:feather":1,"minecraft:basalt":211,"minecraft:andesite":19,"minecraft:leather":7,"minecraft:potato":26,"minecraft:flint":11,"minecraft:oak_log":144,"minecraft:golden_boots":3,"minecraft:yellow_bed":6,"minecraft:cobblestone_wall":1,"minecraft:gunpowder":2,"minecraft:cobblestone_stairs":15,"minecraft:lapis_lazuli":7,"minecraft:dirt":457,"minecraft:cooked_mutton":3,"minecraft:bone":4,"minecraft:apple":12,"minecraft:wheat_seeds":28,"minecraft:raw_gold":3,"minecraft:bell":1,"minecraft:iron_ingot":19,"minecraft:stone_pickaxe":2,"minecraft:stripped_oak_wood":1,"minecraft:iron_sword":7,"minecraft:oak_planks":448,"minecraft:oak_slab":3,"minecraft:quartz":2,"minecraft:dandelion":9,"minecraft:gravel":113,"minecraft:lava_bucket":1,"minecraft:sand":3,"minecraft:blast_furnace":1,"minecraft:white_bed":8,"minecraft:loom":1,"minecraft:spider_eye":2,"minecraft:barrel":1,"minecraft:mossy_cobblestone":39,"minecraft:stone_axe":2,"minecraft:iron_helmet":7,"minecraft:granite":6,"minecraft:emerald":2,"minecraft:bread":29,"minecraft:baked_potato":4,"minecraft:oak_sapling":2,"minecraft:netherrack":65,"minecraft:bricks":2,"minecraft:coal":255},"minecraft:mined":{"minecraft:nether_gold_ore":17,"minecraft:white_bed":7,"minecraft:farmland":23,"minecraft:mossy_cobblestone":40,"minecraft:oak_door":2,"minecraft:cobblestone_stairs":15,"minecraft:granite":5,"minecraft:grass_block":223,"minecraft:composter":1,"minecraft:oxeye_daisy":3,"minecraft:hay_block":2,"minecraft:smooth_stone":8,"minecraft:oak_trapdoor":1,"minecraft:furnace":5,"minecraft:carrots":8,"minecraft:iron_ore":92,"minecraft:fire":25,"minecraft:barrel":1,"minecraft:andesite":18,"minecraft:azure_bluet":1,"minecraft:bell":1,"minecraft:potatoes":7,"minecraft:dirt_path":3,"minecraft:oak_stairs":356,"minecraft:stripped_oak_log":64,"minecraft:stone":317,"minecraft:white_wool":1,"minecraft:oak_slab":3,"minecraft:glass_pane":26,"minecraft:blackstone":15,"minecraft:basalt":222,"minecraft:dandelion":6,"minecraft:powder_snow":3,"minecraft:oak_fence":6,"minecraft:cornflower":1,"minecraft:crafting_table":7,"minecraft:torch":5,"minecraft:short_grass":67,"minecraft:blast_furnace":1,"minecraft:emerald_ore":1,"minecraft:poppy":2,"minecraft:chest":2,"minecraft:nether_quartz_ore":2,"minecraft:copper_ore":6,"minecraft:tall_grass":5,"minecraft:cobblestone":708,"minecraft:lapis_ore":1,"minecraft:oak_planks":306,"minecraft:sugar_cane":6,"minecraft:bricks":2,"minecraft:diorite":12,"minecraft:wall_torch":5,"minecraft:white_terracotta":62,"minecraft:cobblestone_wall":1,"minecraft:wheat":15,"minecraft:stripped_oak_wood":2,"minecraft:yellow_bed":6,"minecraft:oak_log":144,"minecraft:coal_ore":152,"minecraft:gravel":124,"minecraft:loom":1,"minecraft:sand":1,"minecraft:dirt":98,"minecraft:netherrack":70,"minecraft:gold_ore":3,"minecraft:oak_leaves":3}},"DataVersion":3955}