{"stats":{"minecraft:crafted":{"minecraft:oak_planks":76,"minecraft:stone_shovel":1,"minecraft:barrel":1,"minecraft:furnace":2,"minecraft:cooked_mutton":6,"minecraft:oak_trapdoor":2,"minecraft:iron_axe":1,"minecraft:stone_pickaxe":2,"minecraft:chest":1,"minecraft:oak_fence":3,"minecraft:cooked_beef":5,"minecraft:cooked_cod":3,"minecraft:oak_slab":12,"minecraft:crafting_table":2,"minecraft:wooden_pickaxe":1,"minecraft:iron_helmet":1,"minecraft:iron_sword":1,"minecraft:smithing_table":1,"minecraft:bucket":3,"minecraft:stone_axe":1,"minecraft:air":0,"minecraft:oak_boat":1,"minecraft:iron_chestplate":1,"minecraft:wooden_hoe":1,"minecraft:shield":1,"minecraft:stick":32,"minecraft:iron_ingot":50,"minecraft:iron_pickaxe":4,"minecraft:iron_shovel":1,"minecraft:iron_leggings":1,"minecraft:white_bed":1,"minecraft:composter":1,"minecraft:torch":8},"minecraft:used":{"minecraft:oak_trapdoor":2,"minecraft:oak_fence":3,"minecraft:iron_shovel":110,"minecraft:stone_shovel":135,"minecraft:chest":2,"minecraft:shield":6,"minecraft:iron_sword":52,"minecraft:rotten_flesh":4,"minecraft:iron_chestplate":1,"minecraft:torch":9,"minecraft:dirt":277,"minecraft:milk_bucket":1,"minecraft:lava_bucket":8,"minecraft:iron_axe":242,"minecraft:iron_helmet":1,"minecraft:barrel":2,"minecraft:beef":1,"minecraft:furnace":4,"minecraft:cooked_cod":3,"minecraft:cooked_beef":5,"minecraft:iron_leggings":1,"minecraft:wheat_seeds":3,"minecraft:cooked_mutton":6,"minecraft:water_bucket":13,"minecraft:diorite":3,"minecraft:stone_pickaxe":263,"minecraft:wooden_pickaxe":59,"minecraft:composter":1,"minecraft:white_wool":1,"minecraft:oak_slab":1,"minecraft:crafting_table":7,"minecraft:blast_furnace":1,"minecraft:white_bed":7,"minecraft:wooden_hoe":8,"minecraft:bread":10,"minecraft:iron_pickaxe":654,"minecraft:stone_axe":155,"minecraft:cobblestone":464,"minecraft:smithing_table":1,"minecraft:bucket":23,"minecraft:andesite":14,"minecraft:yellow_bed":2,"minecraft:oak_boat":18},"minecraft:custom":{"minecraft:mob_kills":16,"minecraft:interact_with_crafting_table":33,"minecraft:leave_game":4,"minecraft:time_since_death":67073,"minecraft:sprint_one_cm":341432,"minecraft:walk_one_cm":319285,"minecraft:damage_blocked_by_shield":80,"minecraft:drop":1,"minecraft:talked_to_villager":15,"minecraft:play_time":170162,"minecraft:deaths":5,"minecraft:sneak_time":22529,"minecraft:walk_under_water_one_cm":39604,"minecraft:boat_one_cm":271467,"minecraft:jump":3013,"minecraft:walk_on_water_one_cm":36393,"minecraft:total_world_time":170162,"minecraft:interact_with_furnace":14,"minecraft:sleep_in_bed":7,"minecraft:time_since_rest":12154,"minecraft:damage_taken":2217,"minecraft:damage_dealt":2269,"minecraft:swim_one_cm":60828,"minecraft:fly_one_cm":443674,"minecraft:open_chest":26,"minecraft:crouch_one_cm":77515,"minecraft:fall_one_cm":65263},"minecraft:broken":{"minecraft:wooden_pickaxe":1,"minecraft:stone_pickaxe":2,"minecraft:stone_axe":1,"minecraft:iron_pickaxe":1,"minecraft:stone_shovel":1},"minecraft:dropped":{"minecraft:iron_axe":1},"minecraft:killed":{"minecraft:spider":1,"minecraft:cod":3,"minecraft:skeleton":1,"minecraft:sheep":5,"minecraft:zombie":3,"minecraft:cow":3},"minecraft:killed_by":{"minecraft:player":2,"minecraft:drowned":1},"minecraft:picked_up":{"minecraft:crafting_table":7,"minecraft:iron_chestplate":2,"minecraft:azure_bluet":1,"minecraft:wooden_pickaxe":1,"minecraft:oak_stairs":133,"minecraft:shield":3,"minecraft:string":3,"minecraft:iron_axe":1,"minecraft:iron_leggings":2,"minecraft:smooth_stone":8,"minecraft:bucket":3,"minecraft:beef":7,"minecraft:oak_boat":18,"minecraft:poppy":1,"minecraft:iron_pickaxe":1,"minecraft:light_gray_wool":1,"minecraft:sugar_cane":15,"minecraft:chest":1,"minecraft:furnace":4,"minecraft:egg":1,"minecraft:raw_iron":61,"minecraft:stick":6,"minecraft:oak_door":4,"minecraft:composter":1,"minecraft:torch":17,"minecraft:recovery_compass":1,"minecraft:diorite":3,"minecraft:carrot":8,"minecraft:arrow":3,"minecraft:rotten_flesh":4,"minecraft:cooked_cod":3,"minecraft:white_terracotta":31,"minecraft:mutton":8,"minecraft:cod":3,"minecraft:white_wool":4,"minecraft:cobblestone":726,"minecraft:stripped_oak_log":16,"minecraft:cooked_beef":5,"minecraft:andesite":14,"minecraft:leather":4,"minecraft:potato":17,"minecraft:oak_log":85,"minecraft:cobblestone_wall":1,"minecraft:yellow_bed":2,"minecraft:cobblestone_stairs":8,"minecraft:dirt":292,"minecraft:cooked_mutton":3,"minecraft:bone":2,"minecraft:wheat_seeds":21,"minecraft:iron_ingot":12,"minecraft:stone_pickaxe":2,"minecraft:oak_planks":195,"minecraft:iron_sword":3,"minecraft:oak_slab":3,"minecraft:dandelion":2,"minecraft:lava_bucket":1,"minecraft:gravel":2,"minecraft:sand":3,"minecraft:blast_furnace":1,"minecraft:white_bed":7,"minecraft:barrel":1,"minecraft:mossy_cobblestone":18,"minecraft:stone_axe":2,"minecraft:iron_helmet":2,"minecraft:granite":3,"minecraft:emerald":1,"minecraft:bread":15,"minecraft:oak_sapling":2,"minecraft:bricks":2,"minecraft:coal":180},"minecraft:mined":{"minecraft:white_bed":6,"minecraft:mossy_cobblestone":19,"minecraft:oak_door":1,"minecraft:cobblestone_stairs":8,"minecraft:granite":3,"minecraft:grass_block":206,"minecraft:composter":1,"minecraft:smooth_stone":8,"minecraft:furnace":2,"minecraft:carrots":8,"minecraft:iron_ore":56,"minecraft:barrel":1,"minecraft:andesite":14,"minecraft:potatoes":5,"minecraft:dirt_path":3,"minecraft:oak_stairs":134,"minecraft:stripped_oak_log":16,"minecraft:stone":190,"minecraft:white_wool":1,"minecraft:oak_slab":3,"minecraft:glass_pane":11,"minecraft:dandelion":1,"minecraft:powder_snow":3,"minecraft:crafting_table":5,"minecraft:short_grass":48,"minecraft:blast_furnace":1,"minecraft:poppy":1,"minecraft:chest":1,"minecraft:cobblestone":512,"minecraft:tall_grass":3,"minecraft:oak_planks":117,"minecraft:sugar_cane":6,"minecraft:bricks":2,"minecraft:diorite":3,"minecraft:wall_torch":4,"minecraft:white_terracotta":31,"minecraft:cobblestone_wall":1,"minecraft:wheat":12,"minecraft:yellow_bed":2,"minecraft:coal_ore":81,"minecraft:oak_log":86,"minecraft:gravel":2,"minecraft:sand":1,"minecraft:dirt":74,"minecraft:oak_leaves":3}},"DataVersion":3955}