{"stats":{"minecraft:crafted":{"minecraft:cooked_beef":5,"minecraft:cooked_cod":3,"minecraft:oak_planks":60,"minecraft:stone_shovel":1,"minecraft:crafting_table":1,"minecraft:iron_helmet":1,"minecraft:wooden_pickaxe":1,"minecraft:iron_sword":1,"minecraft:furnace":1,"minecraft:bucket":3,"minecraft:stone_axe":1,"minecraft:cooked_mutton":6,"minecraft:air":0,"minecraft:iron_chestplate":1,"minecraft:shield":1,"minecraft:stick":16,"minecraft:iron_ingot":35,"minecraft:iron_pickaxe":1,"minecraft:stone_pickaxe":2,"minecraft:iron_leggings":1,"minecraft:white_bed":1,"minecraft:torch":8},"minecraft:used":{"minecraft:cooked_mutton":6,"minecraft:water_bucket":8,"minecraft:diorite":3,"minecraft:stone_shovel":78,"minecraft:stone_pickaxe":184,"minecraft:wooden_pickaxe":59,"minecraft:shield":4,"minecraft:iron_sword":35,"minecraft:rotten_flesh":1,"minecraft:white_wool":1,"minecraft:torch":2,"minecraft:dirt":66,"minecraft:crafting_table":6,"minecraft:white_bed":3,"minecraft:lava_bucket":3,"minecraft:iron_pickaxe":137,"minecraft:stone_axe":7,"minecraft:cobblestone":101,"minecraft:beef":1,"minecraft:furnace":3,"minecraft:andesite":14,"minecraft:bucket":13,"minecraft:cooked_beef":5},"minecraft:custom":{"minecraft:interact_with_furnace":13,"minecraft:mob_kills":12,"minecraft:interact_with_crafting_table":17,"minecraft:leave_game":2,"minecraft:time_since_death":22380,"minecraft:sleep_in_bed":2,"minecraft:time_since_rest":22413,"minecraft:sprint_one_cm":159901,"minecraft:damage_taken":1589,"minecraft:walk_one_cm":130440,"minecraft:damage_blocked_by_shield":40,"minecraft:damage_dealt":1355,"minecraft:swim_one_cm":39302,"minecraft:fly_one_cm":190700,"minecraft:crouch_one_cm":20053,"minecraft:play_time":66580,"minecraft:deaths":4,"minecraft:sneak_time":6246,"minecraft:walk_under_water_one_cm":23759,"minecraft:jump":1373,"minecraft:walk_on_water_one_cm":20910,"minecraft:total_world_time":66580,"minecraft:fall_one_cm":38380},"minecraft:broken":{"minecraft:stone_pickaxe":1,"minecraft:wooden_pickaxe":1},"minecraft:killed":{"minecraft:spider":1,"minecraft:cod":3,"minecraft:sheep":4,"minecraft:zombie":1,"minecraft:cow":3},"minecraft:killed_by":{"minecraft:player":2},"minecraft:picked_up":{"minecraft:iron_chestplate":1,"minecraft:crafting_table":7,"minecraft:cooked_beef":5,"minecraft:andesite":14,"minecraft:leather":4,"minecraft:wooden_pickaxe":1,"minecraft:oak_log":15,"minecraft:shield":2,"minecraft:dirt":106,"minecraft:string":3,"minecraft:iron_leggings":1,"minecraft:cooked_mutton":3,"minecraft:wheat_seeds":2,"minecraft:bucket":2,"minecraft:beef":7,"minecraft:iron_ingot":1,"minecraft:stone_pickaxe":2,"minecraft:iron_pickaxe":1,"minecraft:sugar_cane":15,"minecraft:oak_planks":79,"minecraft:iron_sword":2,"minecraft:furnace":4,"minecraft:stick":6,"minecraft:raw_iron":61,"minecraft:torch":8,"minecraft:gravel":1,"minecraft:lava_bucket":1,"minecraft:sand":3,"minecraft:diorite":3,"minecraft:white_bed":3,"minecraft:rotten_flesh":1,"minecraft:cooked_cod":3,"minecraft:stone_axe":1,"minecraft:iron_helmet":1,"minecraft:granite":3,"minecraft:mutton":6,"minecraft:coal":180,"minecraft:cod":3,"minecraft:white_wool":4,"minecraft:cobblestone":225},"minecraft:mined":{"minecraft:white_bed":2,"minecraft:powder_snow":3,"minecraft:crafting_table":5,"minecraft:granite":3,"minecraft:short_grass":31,"minecraft:grass_block":59,"minecraft:cobblestone":61,"minecraft:tall_grass":1,"minecraft:sugar_cane":6,"minecraft:diorite":3,"minecraft:wall_torch":1,"minecraft:furnace":2,"minecraft:iron_ore":56,"minecraft:andesite":14,"minecraft:oak_log":15,"minecraft:coal_ore":81,"minecraft:gravel":1,"minecraft:sand":1,"minecraft:dirt":36,"minecraft:stone":127,"minecraft:white_wool":1,"minecraft:oak_leaves":3}},"DataVersion":3955}