{"stats":{"minecraft:crafted":{"minecraft:oak_planks":76,"minecraft:stone_shovel":1,"minecraft:barrel":1,"minecraft:furnace":3,"minecraft:cooked_mutton":13,"minecraft:oak_trapdoor":2,"minecraft:iron_axe":1,"minecraft:stone_pickaxe":2,"minecraft:chest":1,"minecraft:oak_fence":3,"minecraft:smoker":1,"minecraft:cooked_beef":5,"minecraft:cooked_cod":3,"minecraft:oak_slab":12,"minecraft:crafting_table":2,"minecraft:baked_potato":9,"minecraft:wooden_pickaxe":1,"minecraft:iron_helmet":1,"minecraft:iron_sword":1,"minecraft:smithing_table":1,"minecraft:bucket":3,"minecraft:stone_axe":2,"minecraft:air":0,"minecraft:oak_boat":1,"minecraft:iron_chestplate":1,"minecraft:wooden_hoe":1,"minecraft:shield":1,"minecraft:stick":36,"minecraft:iron_ingot":50,"minecraft:iron_pickaxe":4,"minecraft:iron_shovel":1,"minecraft:iron_leggings":1,"minecraft:white_bed":1,"minecraft:composter":1,"minecraft:torch":8},"minecraft:used":{"minecraft:oak_trapdoor":2,"minecraft:oak_fence":3,"minecraft:iron_shovel":110,"minecraft:stone_shovel":135,"minecraft:chest":2,"minecraft:shield":6,"minecraft:iron_sword":69,"minecraft:rotten_flesh":4,"minecraft:iron_chestplate":1,"minecraft:torch":10,"minecraft:dirt":288,"minecraft:milk_bucket":1,"minecraft:lava_bucket":8,"minecraft:iron_axe":255,"minecraft:iron_helmet":1,"minecraft:barrel":2,"minecraft:beef":1,"minecraft:furnace":4,"minecraft:cooked_cod":3,"minecraft:cooked_beef":5,"minecraft:iron_leggings":1,"minecraft:wheat_seeds":3,"minecraft:cooked_mutton":8,"minecraft:water_bucket":13,"minecraft:diorite":3,"minecraft:stone_pickaxe":263,"minecraft:wooden_pickaxe":59,"minecraft:composter":1,"minecraft:white_wool":1,"minecraft:oak_slab":1,"minecraft:crafting_table":7,"minecraft:blast_furnace":1,"minecraft:white_bed":8,"minecraft:smoker":1,"minecraft:wooden_hoe":8,"minecraft:bread":15,"minecraft:iron_pickaxe":726,"minecraft:stone_axe":283,"minecraft:cobblestone":484,"minecraft:smithing_table":1,"minecraft:bucket":23,"minecraft:andesite":14,"minecraft:yellow_bed":5,"minecraft:oak_boat":21},"minecraft:custom":{"minecraft:mob_kills":29,"minecraft:interact_with_crafting_table":37,"minecraft:leave_game":4,"minecraft:time_since_death":91073,"minecraft:sprint_one_cm":394344,"minecraft:walk_one_cm":354261,"minecraft:damage_blocked_by_shield":80,"minecraft:drop":1,"minecraft:talked_to_villager":18,"minecraft:play_time":194162,"minecraft:deaths":5,"minecraft:sneak_time":25611,"minecraft:walk_under_water_one_cm":39604,"minecraft:boat_one_cm":314846,"minecraft:jump":3459,"minecraft:walk_on_water_one_cm":42171,"minecraft:total_world_time":194162,"minecraft:interact_with_furnace":15,"minecraft:sleep_in_bed":9,"minecraft:time_since_rest":7213,"minecraft:damage_taken":2489,"minecraft:damage_dealt":3818,"minecraft:swim_one_cm":60828,"minecraft:fly_one_cm":520853,"minecraft:open_chest":33,"minecraft:crouch_one_cm":84795,"minecraft:interact_with_smoker":5,"minecraft:fall_one_cm":75917},"minecraft:broken":{"minecraft:wooden_pickaxe":1,"minecraft:stone_pickaxe":2,"minecraft:iron_axe":1,"minecraft:stone_axe":2,"minecraft:iron_pickaxe":1,"minecraft:stone_shovel":1},"minecraft:dropped":{"minecraft:iron_axe":1},"minecraft:killed":{"minecraft:spider":1,"minecraft:cod":3,"minecraft:skeleton":1,"minecraft:chicken":1,"minecraft:pig":1,"minecraft:sheep":11,"minecraft:zombie":5,"minecraft:cow":6},"minecraft:killed_by":{"minecraft:player":2,"minecraft:drowned":1},"minecraft:picked_up":{"minecraft:crafting_table":8,"minecraft:iron_chestplate":2,"minecraft:azure_bluet":2,"minecraft:chicken":1,"minecraft:wooden_pickaxe":1,"minecraft:oak_stairs":187,"minecraft:shield":3,"minecraft:cornflower":2,"minecraft:string":3,"minecraft:iron_axe":1,"minecraft:iron_leggings":2,"minecraft:smooth_stone":8,"minecraft:bucket":3,"minecraft:beef":14,"minecraft:oak_boat":21,"minecraft:poppy":2,"minecraft:iron_pickaxe":1,"minecraft:light_gray_wool":2,"minecraft:sugar_cane":15,"minecraft:chest":2,"minecraft:furnace":5,"minecraft:egg":1,"minecraft:raw_iron":61,"minecraft:stick":6,"minecraft:oak_door":5,"minecraft:composter":1,"minecraft:oak_fence":3,"minecraft:torch":28,"minecraft:porkchop":3,"minecraft:recovery_compass":1,"minecraft:diorite":3,"minecraft:carrot":8,"minecraft:arrow":3,"minecraft:rotten_flesh":4,"minecraft:cooked_cod":3,"minecraft:hay_block":2,"minecraft:white_terracotta":31,"minecraft:mutton":18,"minecraft:cod":3,"minecraft:white_wool":9,"minecraft:cobblestone":772,"minecraft:oxeye_daisy":3,"minecraft:stripped_oak_log":16,"minecraft:feather":1,"minecraft:cooked_beef":5,"minecraft:andesite":14,"minecraft:leather":7,"minecraft:potato":24,"minecraft:oak_log":116,"minecraft:cobblestone_wall":1,"minecraft:yellow_bed":6,"minecraft:cobblestone_stairs":11,"minecraft:dirt":308,"minecraft:cooked_mutton":3,"minecraft:bone":2,"minecraft:apple":12,"minecraft:wheat_seeds":25,"minecraft:bell":1,"minecraft:iron_ingot":18,"minecraft:stone_pickaxe":2,"minecraft:oak_planks":226,"minecraft:iron_sword":3,"minecraft:oak_slab":3,"minecraft:dandelion":9,"minecraft:lava_bucket":1,"minecraft:gravel":2,"minecraft:sand":3,"minecraft:blast_furnace":1,"minecraft:white_bed":8,"minecraft:barrel":1,"minecraft:mossy_cobblestone":26,"minecraft:stone_axe":2,"minecraft:iron_helmet":2,"minecraft:granite":3,"minecraft:emerald":1,"minecraft:bread":21,"minecraft:oak_sapling":2,"minecraft:bricks":2,"minecraft:coal":184},"minecraft:mined":{"minecraft:white_bed":7,"minecraft:mossy_cobblestone":27,"minecraft:oak_door":1,"minecraft:cobblestone_stairs":11,"minecraft:granite":3,"minecraft:grass_block":206,"minecraft:composter":1,"minecraft:oxeye_daisy":3,"minecraft:hay_block":2,"minecraft:smooth_stone":8,"minecraft:furnace":3,"minecraft:carrots":8,"minecraft:iron_ore":56,"minecraft:barrel":1,"minecraft:andesite":14,"minecraft:azure_bluet":1,"minecraft:bell":1,"minecraft:potatoes":5,"minecraft:dirt_path":3,"minecraft:oak_stairs":188,"minecraft:stripped_oak_log":16,"minecraft:stone":190,"minecraft:white_wool":1,"minecraft:oak_slab":3,"minecraft:glass_pane":14,"minecraft:dandelion":6,"minecraft:powder_snow":3,"minecraft:oak_fence":3,"minecraft:cornflower":1,"minecraft:crafting_table":6,"minecraft:torch":5,"minecraft:short_grass":60,"minecraft:blast_furnace":1,"minecraft:poppy":2,"minecraft:chest":2,"minecraft:cobblestone":559,"minecraft:tall_grass":5,"minecraft:oak_planks":148,"minecraft:sugar_cane":6,"minecraft:bricks":2,"minecraft:diorite":3,"minecraft:wall_torch":5,"minecraft:white_terracotta":31,"minecraft:cobblestone_wall":1,"minecraft:wheat":12,"minecraft:stripped_oak_wood":1,"minecraft:yellow_bed":6,"minecraft:coal_ore":81,"minecraft:oak_log":116,"minecraft:gravel":2,"minecraft:sand":1,"minecraft:dirt":74,"minecraft:oak_leaves":3}},"DataVersion":3955}