{"stats":{"minecraft:crafted":{"minecraft:oak_planks":76,"minecraft:stone_shovel":1,"minecraft:barrel":1,"minecraft:furnace":2,"minecraft:cooked_mutton":6,"minecraft:oak_trapdoor":2,"minecraft:iron_axe":1,"minecraft:stone_pickaxe":2,"minecraft:chest":1,"minecraft:oak_fence":3,"minecraft:cooked_beef":5,"minecraft:cooked_cod":3,"minecraft:oak_slab":12,"minecraft:crafting_table":2,"minecraft:wooden_pickaxe":1,"minecraft:iron_helmet":1,"minecraft:iron_sword":1,"minecraft:smithing_table":1,"minecraft:bucket":3,"minecraft:stone_axe":2,"minecraft:air":0,"minecraft:oak_boat":1,"minecraft:iron_chestplate":1,"minecraft:wooden_hoe":1,"minecraft:shield":1,"minecraft:stick":36,"minecraft:iron_ingot":50,"minecraft:iron_pickaxe":4,"minecraft:iron_shovel":1,"minecraft:iron_leggings":1,"minecraft:white_bed":1,"minecraft:composter":1,"minecraft:torch":8},"minecraft:used":{"minecraft:oak_trapdoor":2,"minecraft:oak_fence":3,"minecraft:iron_shovel":110,"minecraft:stone_shovel":135,"minecraft:chest":2,"minecraft:shield":6,"minecraft:iron_sword":65,"minecraft:rotten_flesh":4,"minecraft:iron_chestplate":1,"minecraft:torch":9,"minecraft:dirt":288,"minecraft:milk_bucket":1,"minecraft:lava_bucket":8,"minecraft:iron_axe":255,"minecraft:iron_helmet":1,"minecraft:barrel":2,"minecraft:beef":1,"minecraft:furnace":4,"minecraft:cooked_cod":3,"minecraft:cooked_beef":5,"minecraft:iron_leggings":1,"minecraft:wheat_seeds":3,"minecraft:cooked_mutton":6,"minecraft:water_bucket":13,"minecraft:diorite":3,"minecraft:stone_pickaxe":263,"minecraft:wooden_pickaxe":59,"minecraft:composter":1,"minecraft:white_wool":1,"minecraft:oak_slab":1,"minecraft:crafting_table":7,"minecraft:blast_furnace":1,"minecraft:white_bed":7,"minecraft:wooden_hoe":8,"minecraft:bread":15,"minecraft:iron_pickaxe":705,"minecraft:stone_axe":260,"minecraft:cobblestone":464,"minecraft:smithing_table":1,"minecraft:bucket":23,"minecraft:andesite":14,"minecraft:yellow_bed":2,"minecraft:oak_boat":20},"minecraft:custom":{"minecraft:mob_kills":18,"minecraft:interact_with_crafting_table":34,"minecraft:leave_game":4,"minecraft:time_since_death":79073,"minecraft:sprint_one_cm":359705,"minecraft:walk_one_cm":337804,"minecraft:damage_blocked_by_shield":80,"minecraft:drop":1,"minecraft:talked_to_villager":15,"minecraft:play_time":182162,"minecraft:deaths":5,"minecraft:sneak_time":24975,"minecraft:walk_under_water_one_cm":39604,"minecraft:boat_one_cm":300270,"minecraft:jump":3205,"minecraft:walk_on_water_one_cm":39248,"minecraft:total_world_time":182162,"minecraft:interact_with_furnace":14,"minecraft:sleep_in_bed":8,"minecraft:time_since_rest":8297,"minecraft:damage_taken":2489,"minecraft:damage_dealt":2938,"minecraft:swim_one_cm":60828,"minecraft:fly_one_cm":474499,"minecraft:open_chest":27,"minecraft:crouch_one_cm":82906,"minecraft:fall_one_cm":71178},"minecraft:broken":{"minecraft:wooden_pickaxe":1,"minecraft:stone_pickaxe":2,"minecraft:iron_axe":1,"minecraft:stone_axe":1,"minecraft:iron_pickaxe":1,"minecraft:stone_shovel":1},"minecraft:dropped":{"minecraft:iron_axe":1},"minecraft:killed":{"minecraft:spider":1,"minecraft:cod":3,"minecraft:skeleton":1,"minecraft:sheep":5,"minecraft:zombie":5,"minecraft:cow":3},"minecraft:killed_by":{"minecraft:player":2,"minecraft:drowned":1},"minecraft:picked_up":{"minecraft:crafting_table":7,"minecraft:iron_chestplate":2,"minecraft:azure_bluet":2,"minecraft:wooden_pickaxe":1,"minecraft:oak_stairs":184,"minecraft:shield":3,"minecraft:cornflower":2,"minecraft:string":3,"minecraft:iron_axe":1,"minecraft:iron_leggings":2,"minecraft:smooth_stone":8,"minecraft:bucket":3,"minecraft:beef":7,"minecraft:oak_boat":20,"minecraft:poppy":2,"minecraft:iron_pickaxe":1,"minecraft:light_gray_wool":1,"minecraft:sugar_cane":15,"minecraft:chest":1,"minecraft:furnace":4,"minecraft:egg":1,"minecraft:raw_iron":61,"minecraft:stick":6,"minecraft:oak_door":5,"minecraft:composter":1,"minecraft:oak_fence":3,"minecraft:torch":23,"minecraft:recovery_compass":1,"minecraft:diorite":3,"minecraft:carrot":8,"minecraft:arrow":3,"minecraft:rotten_flesh":4,"minecraft:cooked_cod":3,"minecraft:white_terracotta":31,"minecraft:mutton":8,"minecraft:cod":3,"minecraft:white_wool":4,"minecraft:cobblestone":764,"minecraft:oxeye_daisy":3,"minecraft:stripped_oak_log":16,"minecraft:cooked_beef":5,"minecraft:andesite":14,"minecraft:leather":4,"minecraft:potato":17,"minecraft:oak_log":114,"minecraft:cobblestone_wall":1,"minecraft:yellow_bed":2,"minecraft:cobblestone_stairs":11,"minecraft:dirt":308,"minecraft:cooked_mutton":3,"minecraft:bone":2,"minecraft:wheat_seeds":25,"minecraft:iron_ingot":12,"minecraft:stone_pickaxe":2,"minecraft:oak_planks":225,"minecraft:iron_sword":3,"minecraft:oak_slab":3,"minecraft:dandelion":9,"minecraft:lava_bucket":1,"minecraft:gravel":2,"minecraft:sand":3,"minecraft:blast_furnace":1,"minecraft:white_bed":7,"minecraft:barrel":1,"minecraft:mossy_cobblestone":25,"minecraft:stone_axe":2,"minecraft:iron_helmet":2,"minecraft:granite":3,"minecraft:emerald":1,"minecraft:bread":15,"minecraft:oak_sapling":2,"minecraft:bricks":2,"minecraft:coal":180},"minecraft:mined":{"minecraft:white_bed":6,"minecraft:mossy_cobblestone":26,"minecraft:oak_door":1,"minecraft:cobblestone_stairs":11,"minecraft:granite":3,"minecraft:grass_block":206,"minecraft:composter":1,"minecraft:oxeye_daisy":3,"minecraft:smooth_stone":8,"minecraft:furnace":2,"minecraft:carrots":8,"minecraft:iron_ore":56,"minecraft:barrel":1,"minecraft:andesite":14,"minecraft:azure_bluet":1,"minecraft:potatoes":5,"minecraft:dirt_path":3,"minecraft:oak_stairs":185,"minecraft:stripped_oak_log":16,"minecraft:stone":190,"minecraft:white_wool":1,"minecraft:oak_slab":3,"minecraft:glass_pane":14,"minecraft:dandelion":6,"minecraft:powder_snow":3,"minecraft:oak_fence":3,"minecraft:cornflower":1,"minecraft:crafting_table":5,"minecraft:short_grass":57,"minecraft:blast_furnace":1,"minecraft:poppy":2,"minecraft:chest":1,"minecraft:cobblestone":550,"minecraft:tall_grass":3,"minecraft:oak_planks":147,"minecraft:sugar_cane":6,"minecraft:bricks":2,"minecraft:diorite":3,"minecraft:wall_torch":5,"minecraft:white_terracotta":31,"minecraft:cobblestone_wall":1,"minecraft:wheat":12,"minecraft:stripped_oak_wood":1,"minecraft:yellow_bed":2,"minecraft:coal_ore":81,"minecraft:oak_log":114,"minecraft:gravel":2,"minecraft:sand":1,"minecraft:dirt":74,"minecraft:oak_leaves":3}},"DataVersion":3955}