{"stats":{"minecraft:crafted":{"minecraft:cooked_beef":5,"minecraft:cooked_cod":3,"minecraft:oak_planks":60,"minecraft:stone_shovel":1,"minecraft:crafting_table":1,"minecraft:iron_helmet":1,"minecraft:wooden_pickaxe":1,"minecraft:iron_sword":1,"minecraft:furnace":1,"minecraft:bucket":3,"minecraft:stone_axe":1,"minecraft:cooked_mutton":6,"minecraft:air":0,"minecraft:iron_chestplate":1,"minecraft:shield":1,"minecraft:stick":20,"minecraft:iron_ingot":50,"minecraft:iron_pickaxe":1,"minecraft:stone_pickaxe":2,"minecraft:iron_shovel":1,"minecraft:iron_leggings":1,"minecraft:white_bed":1,"minecraft:torch":8},"minecraft:used":{"minecraft:cooked_mutton":6,"minecraft:water_bucket":8,"minecraft:diorite":3,"minecraft:iron_shovel":110,"minecraft:stone_shovel":135,"minecraft:stone_pickaxe":184,"minecraft:wooden_pickaxe":59,"minecraft:shield":6,"minecraft:iron_sword":52,"minecraft:rotten_flesh":1,"minecraft:white_wool":1,"minecraft:torch":2,"minecraft:dirt":229,"minecraft:crafting_table":6,"minecraft:white_bed":3,"minecraft:lava_bucket":3,"minecraft:iron_pickaxe":182,"minecraft:stone_axe":7,"minecraft:cobblestone":166,"minecraft:beef":1,"minecraft:furnace":3,"minecraft:cooked_cod":3,"minecraft:andesite":14,"minecraft:bucket":13,"minecraft:cooked_beef":5},"minecraft:custom":{"minecraft:interact_with_furnace":14,"minecraft:mob_kills":14,"minecraft:interact_with_crafting_table":18,"minecraft:leave_game":2,"minecraft:time_since_death":34380,"minecraft:sleep_in_bed":3,"minecraft:time_since_rest":2040,"minecraft:sprint_one_cm":190143,"minecraft:damage_taken":1851,"minecraft:walk_one_cm":155836,"minecraft:damage_blocked_by_shield":80,"minecraft:damage_dealt":2051,"minecraft:swim_one_cm":41445,"minecraft:fly_one_cm":233208,"minecraft:crouch_one_cm":42235,"minecraft:play_time":78580,"minecraft:deaths":4,"minecraft:sneak_time":10057,"minecraft:walk_under_water_one_cm":26435,"minecraft:jump":1555,"minecraft:walk_on_water_one_cm":22625,"minecraft:total_world_time":78580,"minecraft:fall_one_cm":40514},"minecraft:broken":{"minecraft:stone_pickaxe":1,"minecraft:stone_shovel":1,"minecraft:wooden_pickaxe":1},"minecraft:killed":{"minecraft:spider":1,"minecraft:cod":3,"minecraft:skeleton":1,"minecraft:sheep":4,"minecraft:zombie":2,"minecraft:cow":3},"minecraft:killed_by":{"minecraft:player":2},"minecraft:picked_up":{"minecraft:iron_chestplate":1,"minecraft:crafting_table":7,"minecraft:cooked_beef":5,"minecraft:andesite":14,"minecraft:leather":4,"minecraft:wooden_pickaxe":1,"minecraft:oak_log":15,"minecraft:shield":2,"minecraft:dirt":273,"minecraft:string":3,"minecraft:iron_leggings":1,"minecraft:cooked_mutton":3,"minecraft:bone":1,"minecraft:wheat_seeds":6,"minecraft:bucket":2,"minecraft:beef":7,"minecraft:iron_ingot":1,"minecraft:stone_pickaxe":2,"minecraft:iron_pickaxe":1,"minecraft:sugar_cane":15,"minecraft:oak_planks":79,"minecraft:iron_sword":2,"minecraft:furnace":4,"minecraft:stick":6,"minecraft:raw_iron":61,"minecraft:torch":8,"minecraft:gravel":2,"minecraft:lava_bucket":1,"minecraft:sand":3,"minecraft:diorite":3,"minecraft:white_bed":3,"minecraft:rotten_flesh":1,"minecraft:cooked_cod":3,"minecraft:stone_axe":1,"minecraft:iron_helmet":1,"minecraft:granite":3,"minecraft:mutton":6,"minecraft:coal":180,"minecraft:cod":3,"minecraft:white_wool":4,"minecraft:cobblestone":269},"minecraft:mined":{"minecraft:white_bed":2,"minecraft:powder_snow":3,"minecraft:crafting_table":5,"minecraft:granite":3,"minecraft:short_grass":40,"minecraft:grass_block":204,"minecraft:cobblestone":61,"minecraft:tall_grass":2,"minecraft:sugar_cane":6,"minecraft:diorite":3,"minecraft:wall_torch":1,"minecraft:furnace":2,"minecraft:iron_ore":56,"minecraft:andesite":14,"minecraft:oak_log":15,"minecraft:coal_ore":81,"minecraft:gravel":2,"minecraft:sand":1,"minecraft:dirt":58,"minecraft:stone":171,"minecraft:white_wool":1,"minecraft:oak_leaves":3}},"DataVersion":3955}