{"stats":{"minecraft:crafted":{"minecraft:oak_planks":76,"minecraft:stone_shovel":1,"minecraft:barrel":1,"minecraft:furnace":3,"minecraft:cooked_mutton":13,"minecraft:oak_trapdoor":2,"minecraft:iron_axe":1,"minecraft:stone_pickaxe":2,"minecraft:chest":1,"minecraft:oak_fence":3,"minecraft:smoker":1,"minecraft:cooked_beef":5,"minecraft:cooked_cod":3,"minecraft:oak_slab":12,"minecraft:crafting_table":2,"minecraft:baked_potato":9,"minecraft:wooden_pickaxe":1,"minecraft:iron_helmet":1,"minecraft:iron_sword":1,"minecraft:smithing_table":1,"minecraft:bucket":3,"minecraft:stone_axe":2,"minecraft:air":0,"minecraft:oak_boat":1,"minecraft:iron_chestplate":1,"minecraft:wooden_hoe":1,"minecraft:shield":1,"minecraft:stick":36,"minecraft:iron_ingot":50,"minecraft:iron_pickaxe":4,"minecraft:iron_shovel":1,"minecraft:iron_leggings":1,"minecraft:white_bed":2,"minecraft:composter":1,"minecraft:torch":8},"minecraft:used":{"minecraft:oak_trapdoor":2,"minecraft:oak_fence":3,"minecraft:iron_shovel":110,"minecraft:stone_shovel":135,"minecraft:chest":3,"minecraft:shield":13,"minecraft:iron_sword":101,"minecraft:rotten_flesh":4,"minecraft:iron_chestplate":1,"minecraft:torch":10,"minecraft:dirt":289,"minecraft:milk_bucket":1,"minecraft:lava_bucket":26,"minecraft:iron_axe":255,"minecraft:iron_helmet":1,"minecraft:barrel":2,"minecraft:beef":1,"minecraft:furnace":4,"minecraft:cooked_cod":3,"minecraft:potato":3,"minecraft:cooked_beef":5,"minecraft:iron_leggings":1,"minecraft:wheat_seeds":3,"minecraft:cooked_mutton":8,"minecraft:water_bucket":17,"minecraft:diorite":3,"minecraft:stone_pickaxe":263,"minecraft:baked_potato":6,"minecraft:wooden_pickaxe":59,"minecraft:composter":1,"minecraft:white_wool":1,"minecraft:oak_slab":1,"minecraft:crafting_table":7,"minecraft:blast_furnace":1,"minecraft:white_bed":9,"minecraft:smoker":1,"minecraft:wooden_hoe":8,"minecraft:bread":15,"minecraft:iron_pickaxe":759,"minecraft:stone_axe":283,"minecraft:cobblestone":509,"minecraft:smithing_table":1,"minecraft:bucket":44,"minecraft:andesite":14,"minecraft:yellow_bed":6,"minecraft:oak_boat":23},"minecraft:custom":{"minecraft:mob_kills":37,"minecraft:interact_with_crafting_table":39,"minecraft:leave_game":4,"minecraft:time_since_death":103073,"minecraft:sprint_one_cm":431188,"minecraft:walk_one_cm":379247,"minecraft:damage_blocked_by_shield":270,"minecraft:drop":5,"minecraft:talked_to_villager":20,"minecraft:play_time":206162,"minecraft:deaths":5,"minecraft:sneak_time":27418,"minecraft:walk_under_water_one_cm":40123,"minecraft:boat_one_cm":355997,"minecraft:jump":3715,"minecraft:walk_on_water_one_cm":45036,"minecraft:total_world_time":206162,"minecraft:interact_with_furnace":15,"minecraft:sleep_in_bed":9,"minecraft:time_since_rest":19213,"minecraft:damage_taken":2806,"minecraft:damage_dealt":5528,"minecraft:swim_one_cm":60828,"minecraft:fly_one_cm":560233,"minecraft:open_chest":36,"minecraft:crouch_one_cm":89954,"minecraft:interact_with_smoker":5,"minecraft:fall_one_cm":82425},"minecraft:broken":{"minecraft:wooden_pickaxe":1,"minecraft:stone_pickaxe":2,"minecraft:iron_axe":1,"minecraft:stone_axe":2,"minecraft:iron_pickaxe":2,"minecraft:stone_shovel":1},"minecraft:dropped":{"minecraft:iron_axe":1,"minecraft:potato":4},"minecraft:killed":{"minecraft:spider":2,"minecraft:cod":3,"minecraft:skeleton":2,"minecraft:chicken":1,"minecraft:pig":1,"minecraft:creeper":1,"minecraft:sheep":11,"minecraft:zombie":10,"minecraft:cow":6},"minecraft:killed_by":{"minecraft:player":2,"minecraft:drowned":1},"minecraft:picked_up":{"minecraft:crafting_table":8,"minecraft:iron_chestplate":2,"minecraft:azure_bluet":2,"minecraft:chicken":1,"minecraft:wooden_pickaxe":1,"minecraft:oak_stairs":187,"minecraft:shield":3,"minecraft:cornflower":2,"minecraft:string":5,"minecraft:iron_axe":1,"minecraft:iron_leggings":2,"minecraft:smooth_stone":8,"minecraft:bucket":3,"minecraft:beef":14,"minecraft:oak_boat":23,"minecraft:poppy":2,"minecraft:iron_pickaxe":1,"minecraft:light_gray_wool":2,"minecraft:sugar_cane":15,"minecraft:chest":2,"minecraft:furnace":5,"minecraft:egg":1,"minecraft:raw_iron":61,"minecraft:stick":6,"minecraft:oak_door":5,"minecraft:composter":1,"minecraft:oak_fence":3,"minecraft:torch":28,"minecraft:porkchop":3,"minecraft:recovery_compass":1,"minecraft:diorite":3,"minecraft:carrot":8,"minecraft:arrow":4,"minecraft:rotten_flesh":10,"minecraft:cooked_cod":3,"minecraft:hay_block":2,"minecraft:white_terracotta":31,"minecraft:mutton":18,"minecraft:cod":3,"minecraft:white_wool":9,"minecraft:cobblestone":791,"minecraft:oxeye_daisy":3,"minecraft:stripped_oak_log":16,"minecraft:feather":1,"minecraft:cooked_beef":5,"minecraft:andesite":14,"minecraft:leather":7,"minecraft:potato":24,"minecraft:oak_log":116,"minecraft:gunpowder":1,"minecraft:cobblestone_wall":1,"minecraft:yellow_bed":6,"minecraft:cobblestone_stairs":11,"minecraft:dirt":316,"minecraft:cooked_mutton":3,"minecraft:bone":3,"minecraft:apple":12,"minecraft:wheat_seeds":28,"minecraft:bell":1,"minecraft:iron_ingot":19,"minecraft:stone_pickaxe":2,"minecraft:oak_planks":226,"minecraft:iron_sword":3,"minecraft:oak_slab":3,"minecraft:dandelion":9,"minecraft:lava_bucket":1,"minecraft:gravel":2,"minecraft:sand":3,"minecraft:blast_furnace":1,"minecraft:white_bed":8,"minecraft:spider_eye":1,"minecraft:barrel":1,"minecraft:mossy_cobblestone":26,"minecraft:stone_axe":2,"minecraft:iron_helmet":2,"minecraft:granite":3,"minecraft:emerald":1,"minecraft:bread":21,"minecraft:oak_sapling":2,"minecraft:bricks":2,"minecraft:coal":184},"minecraft:mined":{"minecraft:white_bed":7,"minecraft:mossy_cobblestone":27,"minecraft:oak_door":1,"minecraft:cobblestone_stairs":11,"minecraft:granite":3,"minecraft:grass_block":212,"minecraft:composter":1,"minecraft:oxeye_daisy":3,"minecraft:hay_block":2,"minecraft:smooth_stone":8,"minecraft:furnace":3,"minecraft:carrots":8,"minecraft:iron_ore":56,"minecraft:barrel":1,"minecraft:andesite":14,"minecraft:azure_bluet":1,"minecraft:bell":1,"minecraft:potatoes":5,"minecraft:dirt_path":3,"minecraft:oak_stairs":188,"minecraft:stripped_oak_log":16,"minecraft:stone":195,"minecraft:white_wool":1,"minecraft:oak_slab":3,"minecraft:glass_pane":14,"minecraft:dandelion":6,"minecraft:powder_snow":3,"minecraft:oak_fence":3,"minecraft:cornflower":1,"minecraft:crafting_table":6,"minecraft:torch":5,"minecraft:short_grass":61,"minecraft:blast_furnace":1,"minecraft:poppy":2,"minecraft:chest":2,"minecraft:cobblestone":580,"minecraft:tall_grass":5,"minecraft:oak_planks":148,"minecraft:sugar_cane":6,"minecraft:bricks":2,"minecraft:diorite":3,"minecraft:wall_torch":5,"minecraft:white_terracotta":31,"minecraft:cobblestone_wall":1,"minecraft:wheat":15,"minecraft:stripped_oak_wood":1,"minecraft:yellow_bed":6,"minecraft:coal_ore":81,"minecraft:oak_log":116,"minecraft:gravel":2,"minecraft:sand":1,"minecraft:dirt":77,"minecraft:oak_leaves":3}},"DataVersion":3955}