{"stats":{"minecraft:crafted":{"minecraft:oak_planks":60,"minecraft:shield":1,"minecraft:crafting_table":1,"minecraft:stick":8,"minecraft:wooden_pickaxe":1,"minecraft:iron_ingot":4,"minecraft:stone_pickaxe":1,"minecraft:iron_sword":1,"minecraft:furnace":1,"minecraft:air":0},"minecraft:used":{"minecraft:stone_pickaxe":39,"minecraft:shield":3,"minecraft:wooden_pickaxe":10,"minecraft:iron_sword":4,"minecraft:dirt":1,"minecraft:crafting_table":1,"minecraft:furnace":1},"minecraft:custom":{"minecraft:time_since_rest":10824,"minecraft:interact_with_furnace":3,"minecraft:sprint_one_cm":13294,"minecraft:damage_taken":743,"minecraft:walk_one_cm":13586,"minecraft:damage_blocked_by_shield":40,"minecraft:mob_kills":1,"minecraft:damage_dealt":210,"minecraft:swim_one_cm":905,"minecraft:interact_with_crafting_table":7,"minecraft:fly_one_cm":16310,"minecraft:crouch_one_cm":950,"minecraft:play_time":12580,"minecraft:deaths":2,"minecraft:sneak_time":395,"minecraft:walk_under_water_one_cm":5414,"minecraft:jump":191,"minecraft:leave_game":2,"minecraft:walk_on_water_one_cm":8198,"minecraft:time_since_death":10622,"minecraft:total_world_time":12580,"minecraft:fall_one_cm":3243},"minecraft:killed":{"minecraft:spider":1},"minecraft:killed_by":{"minecraft:player":2},"minecraft:picked_up":{"minecraft:raw_iron":5,"minecraft:sand":1,"minecraft:oak_log":15,"minecraft:string":1,"minecraft:dirt":1,"minecraft:coal":29,"minecraft:cobblestone":24,"minecraft:furnace":1},"minecraft:mined":{"minecraft:furnace":1,"minecraft:iron_ore":5,"minecraft:crafting_table":1,"minecraft:coal_ore":15,"minecraft:grass_block":1,"minecraft:oak_log":15,"minecraft:sand":1,"minecraft:stone":25,"minecraft:oak_leaves":3}},"DataVersion":3955}