{"stats":{"minecraft:crafted":{"minecraft:oak_planks":60,"minecraft:shield":1,"minecraft:crafting_table":1,"minecraft:stick":12,"minecraft:wooden_pickaxe":1,"minecraft:iron_ingot":4,"minecraft:stone_pickaxe":1,"minecraft:iron_sword":1,"minecraft:furnace":1,"minecraft:white_bed":1,"minecraft:torch":8,"minecraft:stone_axe":1,"minecraft:air":0},"minecraft:used":{"minecraft:stone_pickaxe":97,"minecraft:shield":3,"minecraft:wooden_pickaxe":12,"minecraft:iron_sword":30,"minecraft:torch":1,"minecraft:white_wool":1,"minecraft:stone_axe":5,"minecraft:dirt":3,"minecraft:beef":1,"minecraft:crafting_table":3,"minecraft:furnace":1,"minecraft:white_bed":1},"minecraft:custom":{"minecraft:time_since_rest":9422,"minecraft:interact_with_furnace":3,"minecraft:sprint_one_cm":41343,"minecraft:damage_taken":803,"minecraft:walk_one_cm":39905,"minecraft:damage_blocked_by_shield":40,"minecraft:mob_kills":11,"minecraft:damage_dealt":994,"minecraft:swim_one_cm":35721,"minecraft:interact_with_crafting_table":11,"minecraft:fly_one_cm":33987,"minecraft:crouch_one_cm":2702,"minecraft:play_time":24580,"minecraft:deaths":3,"minecraft:sneak_time":1226,"minecraft:walk_under_water_one_cm":16431,"minecraft:jump":339,"minecraft:leave_game":2,"minecraft:walk_on_water_one_cm":15996,"minecraft:time_since_death":9393,"minecraft:total_world_time":24580,"minecraft:fall_one_cm":4774},"minecraft:killed_by":{"minecraft:player":2},"minecraft:killed":{"minecraft:sheep":4,"minecraft:spider":1,"minecraft:cod":3,"minecraft:cow":3},"minecraft:picked_up":{"minecraft:stick":3,"minecraft:crafting_table":4,"minecraft:raw_iron":23,"minecraft:leather":2,"minecraft:wooden_pickaxe":1,"minecraft:sand":2,"minecraft:oak_log":15,"minecraft:shield":1,"minecraft:string":2,"minecraft:dirt":3,"minecraft:iron_ingot":1,"minecraft:beef":7,"minecraft:granite":3,"minecraft:stone_pickaxe":1,"minecraft:mutton":6,"minecraft:sugar_cane":15,"minecraft:cod":3,"minecraft:iron_sword":1,"minecraft:oak_planks":43,"minecraft:coal":80,"minecraft:white_wool":4,"minecraft:cobblestone":40,"minecraft:furnace":2},"minecraft:mined":{"minecraft:furnace":1,"minecraft:iron_ore":22,"minecraft:crafting_table":3,"minecraft:granite":3,"minecraft:short_grass":4,"minecraft:coal_ore":52,"minecraft:grass_block":2,"minecraft:oak_log":15,"minecraft:dirt":1,"minecraft:sand":1,"minecraft:stone":28,"minecraft:white_wool":1,"minecraft:sugar_cane":6,"minecraft:oak_leaves":3}},"DataVersion":3955}