{"stats":{"minecraft:crafted":{"minecraft:oak_planks":76,"minecraft:stone_shovel":1,"minecraft:barrel":1,"minecraft:furnace":2,"minecraft:cooked_mutton":6,"minecraft:oak_trapdoor":2,"minecraft:stone_pickaxe":2,"minecraft:chest":1,"minecraft:oak_fence":3,"minecraft:cooked_beef":5,"minecraft:cooked_cod":3,"minecraft:oak_slab":12,"minecraft:crafting_table":2,"minecraft:wooden_pickaxe":1,"minecraft:iron_helmet":1,"minecraft:iron_sword":1,"minecraft:smithing_table":1,"minecraft:bucket":3,"minecraft:stone_axe":1,"minecraft:air":0,"minecraft:oak_boat":1,"minecraft:iron_chestplate":1,"minecraft:wooden_hoe":1,"minecraft:shield":1,"minecraft:stick":28,"minecraft:iron_ingot":50,"minecraft:iron_pickaxe":2,"minecraft:iron_shovel":1,"minecraft:iron_leggings":1,"minecraft:white_bed":1,"minecraft:composter":1,"minecraft:torch":8},"minecraft:used":{"minecraft:oak_trapdoor":2,"minecraft:oak_fence":3,"minecraft:iron_shovel":110,"minecraft:stone_shovel":135,"minecraft:chest":1,"minecraft:shield":6,"minecraft:iron_sword":52,"minecraft:rotten_flesh":4,"minecraft:iron_chestplate":1,"minecraft:torch":9,"minecraft:dirt":277,"minecraft:milk_bucket":1,"minecraft:lava_bucket":8,"minecraft:iron_helmet":1,"minecraft:barrel":2,"minecraft:beef":1,"minecraft:furnace":4,"minecraft:cooked_cod":3,"minecraft:cooked_beef":5,"minecraft:iron_leggings":1,"minecraft:wheat_seeds":3,"minecraft:cooked_mutton":6,"minecraft:water_bucket":13,"minecraft:diorite":3,"minecraft:stone_pickaxe":263,"minecraft:wooden_pickaxe":59,"minecraft:composter":1,"minecraft:white_wool":1,"minecraft:oak_slab":1,"minecraft:crafting_table":7,"minecraft:blast_furnace":1,"minecraft:white_bed":7,"minecraft:wooden_hoe":8,"minecraft:bread":7,"minecraft:iron_pickaxe":464,"minecraft:stone_axe":43,"minecraft:cobblestone":464,"minecraft:smithing_table":1,"minecraft:bucket":23,"minecraft:andesite":14,"minecraft:yellow_bed":2,"minecraft:oak_boat":14},"minecraft:custom":{"minecraft:mob_kills":15,"minecraft:interact_with_crafting_table":31,"minecraft:leave_game":4,"minecraft:time_since_death":43073,"minecraft:sprint_one_cm":305665,"minecraft:walk_one_cm":282308,"minecraft:damage_blocked_by_shield":80,"minecraft:talked_to_villager":11,"minecraft:play_time":146162,"minecraft:deaths":5,"minecraft:sneak_time":20142,"minecraft:walk_under_water_one_cm":38769,"minecraft:boat_one_cm":185747,"minecraft:jump":2700,"minecraft:walk_on_water_one_cm":32826,"minecraft:total_world_time":146162,"minecraft:interact_with_furnace":14,"minecraft:sleep_in_bed":6,"minecraft:time_since_rest":3101,"minecraft:damage_taken":2204,"minecraft:damage_dealt":2189,"minecraft:swim_one_cm":59447,"minecraft:fly_one_cm":406998,"minecraft:open_chest":19,"minecraft:crouch_one_cm":69829,"minecraft:fall_one_cm":62519},"minecraft:broken":{"minecraft:wooden_pickaxe":1,"minecraft:stone_pickaxe":2,"minecraft:iron_pickaxe":1,"minecraft:stone_shovel":1},"minecraft:killed":{"minecraft:spider":1,"minecraft:cod":3,"minecraft:skeleton":1,"minecraft:sheep":5,"minecraft:zombie":2,"minecraft:cow":3},"minecraft:killed_by":{"minecraft:player":2,"minecraft:drowned":1},"minecraft:picked_up":{"minecraft:crafting_table":7,"minecraft:iron_chestplate":2,"minecraft:wooden_pickaxe":1,"minecraft:oak_stairs":1,"minecraft:shield":3,"minecraft:string":3,"minecraft:iron_leggings":2,"minecraft:smooth_stone":7,"minecraft:bucket":3,"minecraft:beef":7,"minecraft:oak_boat":13,"minecraft:iron_pickaxe":1,"minecraft:light_gray_wool":1,"minecraft:sugar_cane":15,"minecraft:chest":1,"minecraft:furnace":4,"minecraft:egg":1,"minecraft:raw_iron":61,"minecraft:stick":6,"minecraft:composter":1,"minecraft:torch":9,"minecraft:recovery_compass":1,"minecraft:diorite":3,"minecraft:carrot":8,"minecraft:arrow":3,"minecraft:rotten_flesh":4,"minecraft:cooked_cod":3,"minecraft:mutton":8,"minecraft:cod":3,"minecraft:white_wool":4,"minecraft:cobblestone":601,"minecraft:cooked_beef":5,"minecraft:andesite":14,"minecraft:leather":4,"minecraft:potato":17,"minecraft:oak_log":19,"minecraft:yellow_bed":2,"minecraft:cobblestone_stairs":1,"minecraft:dirt":292,"minecraft:cooked_mutton":3,"minecraft:bone":2,"minecraft:wheat_seeds":19,"minecraft:iron_ingot":12,"minecraft:stone_pickaxe":2,"minecraft:oak_planks":79,"minecraft:iron_sword":3,"minecraft:dandelion":1,"minecraft:lava_bucket":1,"minecraft:gravel":2,"minecraft:sand":3,"minecraft:blast_furnace":1,"minecraft:white_bed":7,"minecraft:barrel":1,"minecraft:mossy_cobblestone":2,"minecraft:stone_axe":2,"minecraft:iron_helmet":2,"minecraft:granite":3,"minecraft:emerald":1,"minecraft:bread":15,"minecraft:oak_sapling":2,"minecraft:coal":180},"minecraft:mined":{"minecraft:white_bed":6,"minecraft:mossy_cobblestone":3,"minecraft:cobblestone_stairs":1,"minecraft:granite":3,"minecraft:grass_block":206,"minecraft:composter":1,"minecraft:smooth_stone":7,"minecraft:furnace":2,"minecraft:carrots":8,"minecraft:iron_ore":56,"minecraft:barrel":1,"minecraft:andesite":14,"minecraft:potatoes":5,"minecraft:dirt_path":3,"minecraft:oak_stairs":1,"minecraft:stone":188,"minecraft:white_wool":1,"minecraft:glass_pane":1,"minecraft:powder_snow":3,"minecraft:crafting_table":5,"minecraft:short_grass":42,"minecraft:blast_furnace":1,"minecraft:chest":1,"minecraft:cobblestone":389,"minecraft:tall_grass":3,"minecraft:sugar_cane":6,"minecraft:diorite":3,"minecraft:wall_torch":1,"minecraft:wheat":12,"minecraft:yellow_bed":2,"minecraft:coal_ore":81,"minecraft:oak_log":19,"minecraft:gravel":2,"minecraft:sand":1,"minecraft:dirt":74,"minecraft:oak_leaves":3}},"DataVersion":3955}