{"stats":{"minecraft:crafted":{"minecraft:cooked_beef":5,"minecraft:cooked_cod":3,"minecraft:oak_planks":60,"minecraft:stone_shovel":1,"minecraft:crafting_table":2,"minecraft:wooden_pickaxe":1,"minecraft:iron_helmet":1,"minecraft:iron_sword":1,"minecraft:furnace":2,"minecraft:bucket":3,"minecraft:stone_axe":1,"minecraft:cooked_mutton":6,"minecraft:air":0,"minecraft:oak_boat":1,"minecraft:wooden_hoe":1,"minecraft:iron_chestplate":1,"minecraft:shield":1,"minecraft:stick":24,"minecraft:iron_ingot":50,"minecraft:iron_pickaxe":2,"minecraft:stone_pickaxe":2,"minecraft:chest":1,"minecraft:iron_shovel":1,"minecraft:iron_leggings":1,"minecraft:white_bed":1,"minecraft:torch":8},"minecraft:used":{"minecraft:wheat_seeds":3,"minecraft:cooked_mutton":6,"minecraft:water_bucket":13,"minecraft:diorite":3,"minecraft:iron_shovel":110,"minecraft:stone_shovel":135,"minecraft:stone_pickaxe":235,"minecraft:chest":1,"minecraft:wooden_pickaxe":59,"minecraft:shield":6,"minecraft:iron_sword":52,"minecraft:rotten_flesh":2,"minecraft:iron_chestplate":1,"minecraft:white_wool":1,"minecraft:torch":9,"minecraft:dirt":267,"minecraft:crafting_table":7,"minecraft:white_bed":5,"minecraft:milk_bucket":1,"minecraft:wooden_hoe":3,"minecraft:lava_bucket":8,"minecraft:bread":7,"minecraft:iron_pickaxe":464,"minecraft:iron_helmet":1,"minecraft:stone_axe":8,"minecraft:cobblestone":455,"minecraft:beef":1,"minecraft:furnace":4,"minecraft:cooked_cod":3,"minecraft:andesite":14,"minecraft:bucket":23,"minecraft:oak_boat":1,"minecraft:cooked_beef":5,"minecraft:iron_leggings":1},"minecraft:custom":{"minecraft:interact_with_furnace":14,"minecraft:mob_kills":14,"minecraft:interact_with_crafting_table":25,"minecraft:leave_game":4,"minecraft:time_since_death":19073,"minecraft:sleep_in_bed":4,"minecraft:time_since_rest":9953,"minecraft:sprint_one_cm":261213,"minecraft:damage_taken":2164,"minecraft:walk_one_cm":235909,"minecraft:damage_blocked_by_shield":80,"minecraft:damage_dealt":2109,"minecraft:swim_one_cm":51093,"minecraft:fly_one_cm":348633,"minecraft:open_chest":15,"minecraft:crouch_one_cm":66626,"minecraft:play_time":122162,"minecraft:deaths":5,"minecraft:sneak_time":19035,"minecraft:walk_under_water_one_cm":37475,"minecraft:boat_one_cm":14307,"minecraft:jump":2201,"minecraft:walk_on_water_one_cm":28847,"minecraft:total_world_time":122162,"minecraft:fall_one_cm":58376},"minecraft:broken":{"minecraft:stone_pickaxe":1,"minecraft:iron_pickaxe":1,"minecraft:stone_shovel":1,"minecraft:wooden_pickaxe":1},"minecraft:killed":{"minecraft:spider":1,"minecraft:cod":3,"minecraft:skeleton":1,"minecraft:sheep":4,"minecraft:zombie":2,"minecraft:cow":3},"minecraft:killed_by":{"minecraft:player":2,"minecraft:drowned":1},"minecraft:picked_up":{"minecraft:iron_chestplate":2,"minecraft:crafting_table":7,"minecraft:cooked_beef":5,"minecraft:andesite":14,"minecraft:leather":4,"minecraft:wooden_pickaxe":1,"minecraft:oak_log":15,"minecraft:shield":3,"minecraft:dirt":287,"minecraft:string":3,"minecraft:iron_leggings":2,"minecraft:cooked_mutton":3,"minecraft:bone":2,"minecraft:wheat_seeds":6,"minecraft:bucket":3,"minecraft:stone_pickaxe":2,"minecraft:iron_ingot":12,"minecraft:beef":7,"minecraft:oak_boat":1,"minecraft:iron_pickaxe":1,"minecraft:sugar_cane":15,"minecraft:iron_sword":3,"minecraft:oak_planks":79,"minecraft:furnace":4,"minecraft:stick":6,"minecraft:raw_iron":61,"minecraft:torch":8,"minecraft:gravel":2,"minecraft:lava_bucket":1,"minecraft:recovery_compass":1,"minecraft:sand":3,"minecraft:diorite":3,"minecraft:white_bed":5,"minecraft:arrow":3,"minecraft:rotten_flesh":2,"minecraft:cooked_cod":3,"minecraft:stone_axe":2,"minecraft:iron_helmet":2,"minecraft:granite":3,"minecraft:bread":7,"minecraft:cod":3,"minecraft:mutton":6,"minecraft:coal":180,"minecraft:white_wool":4,"minecraft:cobblestone":587},"minecraft:mined":{"minecraft:white_bed":4,"minecraft:powder_snow":3,"minecraft:crafting_table":5,"minecraft:granite":3,"minecraft:short_grass":40,"minecraft:grass_block":204,"minecraft:tall_grass":3,"minecraft:cobblestone":375,"minecraft:sugar_cane":6,"minecraft:diorite":3,"minecraft:wall_torch":1,"minecraft:furnace":2,"minecraft:iron_ore":56,"minecraft:andesite":14,"minecraft:yellow_bed":1,"minecraft:oak_log":15,"minecraft:coal_ore":81,"minecraft:gravel":2,"minecraft:sand":1,"minecraft:dirt":73,"minecraft:stone":188,"minecraft:white_wool":1,"minecraft:oak_leaves":3}},"DataVersion":3955}