{"stats":{"minecraft:crafted":{"minecraft:cooked_cod":3,"minecraft:oak_planks":60,"minecraft:crafting_table":1,"minecraft:iron_helmet":1,"minecraft:wooden_pickaxe":1,"minecraft:iron_sword":1,"minecraft:furnace":1,"minecraft:bucket":3,"minecraft:stone_axe":1,"minecraft:cooked_mutton":6,"minecraft:air":0,"minecraft:iron_chestplate":1,"minecraft:shield":1,"minecraft:stick":12,"minecraft:iron_ingot":33,"minecraft:stone_pickaxe":2,"minecraft:iron_leggings":1,"minecraft:white_bed":1,"minecraft:torch":8},"minecraft:used":{"minecraft:cooked_mutton":2,"minecraft:diorite":3,"minecraft:stone_pickaxe":132,"minecraft:wooden_pickaxe":37,"minecraft:shield":3,"minecraft:iron_sword":33,"minecraft:rotten_flesh":1,"minecraft:white_wool":1,"minecraft:torch":2,"minecraft:dirt":3,"minecraft:crafting_table":5,"minecraft:white_bed":2,"minecraft:stone_axe":6,"minecraft:cobblestone":10,"minecraft:beef":1,"minecraft:furnace":2,"minecraft:bucket":1},"minecraft:custom":{"minecraft:interact_with_furnace":10,"minecraft:mob_kills":12,"minecraft:interact_with_crafting_table":15,"minecraft:leave_game":2,"minecraft:time_since_death":21393,"minecraft:sleep_in_bed":2,"minecraft:time_since_rest":4337,"minecraft:sprint_one_cm":71765,"minecraft:damage_taken":878,"minecraft:walk_one_cm":68921,"minecraft:damage_blocked_by_shield":40,"minecraft:damage_dealt":1195,"minecraft:swim_one_cm":35721,"minecraft:fly_one_cm":51595,"minecraft:crouch_one_cm":5616,"minecraft:play_time":36580,"minecraft:deaths":3,"minecraft:sneak_time":2248,"minecraft:walk_under_water_one_cm":16431,"minecraft:jump":537,"minecraft:walk_on_water_one_cm":16298,"minecraft:total_world_time":36580,"minecraft:fall_one_cm":8805},"minecraft:broken":{"minecraft:stone_pickaxe":1},"minecraft:killed":{"minecraft:spider":1,"minecraft:cod":3,"minecraft:sheep":4,"minecraft:zombie":1,"minecraft:cow":3},"minecraft:killed_by":{"minecraft:player":2},"minecraft:picked_up":{"minecraft:crafting_table":5,"minecraft:andesite":14,"minecraft:leather":2,"minecraft:wooden_pickaxe":1,"minecraft:oak_log":15,"minecraft:shield":1,"minecraft:dirt":3,"minecraft:string":2,"minecraft:beef":7,"minecraft:iron_ingot":1,"minecraft:stone_pickaxe":1,"minecraft:sugar_cane":15,"minecraft:oak_planks":43,"minecraft:iron_sword":1,"minecraft:furnace":2,"minecraft:stick":3,"minecraft:raw_iron":37,"minecraft:torch":1,"minecraft:sand":2,"minecraft:diorite":3,"minecraft:white_bed":1,"minecraft:rotten_flesh":1,"minecraft:granite":3,"minecraft:mutton":6,"minecraft:coal":101,"minecraft:cod":3,"minecraft:white_wool":4,"minecraft:cobblestone":47},"minecraft:mined":{"minecraft:white_bed":1,"minecraft:crafting_table":4,"minecraft:granite":3,"minecraft:short_grass":4,"minecraft:grass_block":2,"minecraft:sugar_cane":6,"minecraft:diorite":3,"minecraft:wall_torch":1,"minecraft:furnace":1,"minecraft:iron_ore":35,"minecraft:andesite":14,"minecraft:oak_log":15,"minecraft:coal_ore":73,"minecraft:sand":1,"minecraft:dirt":1,"minecraft:stone":35,"minecraft:white_wool":1,"minecraft:oak_leaves":3}},"DataVersion":3955}