{"stats":{"minecraft:crafted":{"minecraft:cooked_beef":5,"minecraft:cooked_cod":3,"minecraft:oak_planks":60,"minecraft:crafting_table":1,"minecraft:iron_helmet":1,"minecraft:wooden_pickaxe":1,"minecraft:iron_sword":1,"minecraft:furnace":1,"minecraft:bucket":3,"minecraft:stone_axe":1,"minecraft:cooked_mutton":6,"minecraft:air":0,"minecraft:iron_chestplate":1,"minecraft:shield":1,"minecraft:stick":16,"minecraft:iron_ingot":35,"minecraft:iron_pickaxe":1,"minecraft:stone_pickaxe":2,"minecraft:iron_leggings":1,"minecraft:white_bed":1,"minecraft:torch":8},"minecraft:used":{"minecraft:cooked_mutton":3,"minecraft:diorite":3,"minecraft:stone_pickaxe":176,"minecraft:wooden_pickaxe":59,"minecraft:shield":3,"minecraft:iron_sword":33,"minecraft:rotten_flesh":1,"minecraft:white_wool":1,"minecraft:torch":2,"minecraft:dirt":3,"minecraft:crafting_table":5,"minecraft:white_bed":2,"minecraft:iron_pickaxe":15,"minecraft:stone_axe":7,"minecraft:cobblestone":31,"minecraft:beef":1,"minecraft:furnace":2,"minecraft:andesite":14,"minecraft:bucket":1},"minecraft:custom":{"minecraft:interact_with_furnace":12,"minecraft:mob_kills":12,"minecraft:interact_with_crafting_table":16,"minecraft:leave_game":2,"minecraft:time_since_death":4380,"minecraft:sleep_in_bed":2,"minecraft:time_since_rest":4413,"minecraft:sprint_one_cm":113584,"minecraft:damage_taken":1283,"minecraft:walk_one_cm":91505,"minecraft:damage_blocked_by_shield":40,"minecraft:damage_dealt":1195,"minecraft:swim_one_cm":35721,"minecraft:fly_one_cm":128330,"minecraft:crouch_one_cm":9806,"minecraft:play_time":48580,"minecraft:deaths":4,"minecraft:sneak_time":3750,"minecraft:walk_under_water_one_cm":16431,"minecraft:jump":1002,"minecraft:walk_on_water_one_cm":16298,"minecraft:total_world_time":48580,"minecraft:fall_one_cm":23149},"minecraft:broken":{"minecraft:stone_pickaxe":1,"minecraft:wooden_pickaxe":1},"minecraft:killed":{"minecraft:spider":1,"minecraft:cod":3,"minecraft:sheep":4,"minecraft:zombie":1,"minecraft:cow":3},"minecraft:killed_by":{"minecraft:player":2},"minecraft:picked_up":{"minecraft:crafting_table":6,"minecraft:andesite":14,"minecraft:leather":2,"minecraft:wooden_pickaxe":1,"minecraft:oak_log":15,"minecraft:shield":1,"minecraft:dirt":15,"minecraft:string":2,"minecraft:beef":7,"minecraft:iron_ingot":1,"minecraft:stone_pickaxe":1,"minecraft:sugar_cane":15,"minecraft:oak_planks":43,"minecraft:iron_sword":1,"minecraft:furnace":3,"minecraft:stick":3,"minecraft:raw_iron":40,"minecraft:torch":1,"minecraft:gravel":1,"minecraft:sand":2,"minecraft:diorite":3,"minecraft:white_bed":2,"minecraft:rotten_flesh":1,"minecraft:granite":3,"minecraft:mutton":6,"minecraft:coal":109,"minecraft:cod":3,"minecraft:white_wool":4,"minecraft:cobblestone":89},"minecraft:mined":{"minecraft:white_bed":2,"minecraft:powder_snow":3,"minecraft:crafting_table":5,"minecraft:granite":3,"minecraft:short_grass":4,"minecraft:grass_block":5,"minecraft:tall_grass":1,"minecraft:sugar_cane":6,"minecraft:diorite":3,"minecraft:wall_torch":1,"minecraft:furnace":2,"minecraft:iron_ore":38,"minecraft:andesite":14,"minecraft:oak_log":15,"minecraft:coal_ore":81,"minecraft:gravel":1,"minecraft:sand":1,"minecraft:dirt":10,"minecraft:stone":81,"minecraft:white_wool":1,"minecraft:oak_leaves":3}},"DataVersion":3955}