{"stats":{"minecraft:crafted":{"minecraft:cooked_beef":5,"minecraft:cooked_cod":3,"minecraft:oak_slab":12,"minecraft:oak_planks":76,"minecraft:stone_shovel":1,"minecraft:crafting_table":2,"minecraft:wooden_pickaxe":1,"minecraft:iron_helmet":1,"minecraft:iron_sword":1,"minecraft:furnace":2,"minecraft:bucket":3,"minecraft:stone_axe":1,"minecraft:oak_trapdoor":2,"minecraft:cooked_mutton":6,"minecraft:air":0,"minecraft:oak_boat":1,"minecraft:wooden_hoe":1,"minecraft:iron_chestplate":1,"minecraft:shield":1,"minecraft:stick":24,"minecraft:iron_ingot":50,"minecraft:iron_pickaxe":2,"minecraft:stone_pickaxe":2,"minecraft:chest":1,"minecraft:iron_shovel":1,"minecraft:iron_leggings":1,"minecraft:white_bed":1,"minecraft:composter":1,"minecraft:torch":8},"minecraft:used":{"minecraft:oak_trapdoor":1,"minecraft:wheat_seeds":3,"minecraft:cooked_mutton":6,"minecraft:water_bucket":13,"minecraft:diorite":3,"minecraft:iron_shovel":110,"minecraft:stone_shovel":135,"minecraft:stone_pickaxe":257,"minecraft:chest":1,"minecraft:wooden_pickaxe":59,"minecraft:shield":6,"minecraft:composter":1,"minecraft:iron_sword":52,"minecraft:rotten_flesh":2,"minecraft:iron_chestplate":1,"minecraft:white_wool":1,"minecraft:torch":9,"minecraft:dirt":275,"minecraft:crafting_table":7,"minecraft:blast_furnace":1,"minecraft:white_bed":5,"minecraft:milk_bucket":1,"minecraft:wooden_hoe":3,"minecraft:lava_bucket":8,"minecraft:bread":7,"minecraft:iron_pickaxe":464,"minecraft:iron_helmet":1,"minecraft:stone_axe":12,"minecraft:cobblestone":455,"minecraft:beef":1,"minecraft:furnace":4,"minecraft:cooked_cod":3,"minecraft:andesite":14,"minecraft:bucket":23,"minecraft:yellow_bed":1,"minecraft:oak_boat":8,"minecraft:cooked_beef":5,"minecraft:iron_leggings":1},"minecraft:custom":{"minecraft:interact_with_furnace":14,"minecraft:mob_kills":14,"minecraft:interact_with_crafting_table":26,"minecraft:leave_game":4,"minecraft:time_since_death":31073,"minecraft:sleep_in_bed":5,"minecraft:time_since_rest":6373,"minecraft:sprint_one_cm":278913,"minecraft:damage_taken":2184,"minecraft:walk_one_cm":253266,"minecraft:damage_blocked_by_shield":80,"minecraft:damage_dealt":2109,"minecraft:talked_to_villager":7,"minecraft:swim_one_cm":55439,"minecraft:fly_one_cm":371019,"minecraft:open_chest":16,"minecraft:crouch_one_cm":68283,"minecraft:play_time":134162,"minecraft:deaths":5,"minecraft:sneak_time":19577,"minecraft:walk_under_water_one_cm":37860,"minecraft:boat_one_cm":107368,"minecraft:jump":2432,"minecraft:walk_on_water_one_cm":30798,"minecraft:total_world_time":134162,"minecraft:fall_one_cm":60094},"minecraft:broken":{"minecraft:stone_pickaxe":1,"minecraft:iron_pickaxe":1,"minecraft:stone_shovel":1,"minecraft:wooden_pickaxe":1},"minecraft:killed":{"minecraft:spider":1,"minecraft:cod":3,"minecraft:skeleton":1,"minecraft:sheep":4,"minecraft:zombie":2,"minecraft:cow":3},"minecraft:killed_by":{"minecraft:player":2,"minecraft:drowned":1},"minecraft:picked_up":{"minecraft:iron_chestplate":2,"minecraft:crafting_table":7,"minecraft:cooked_beef":5,"minecraft:andesite":14,"minecraft:leather":4,"minecraft:wooden_pickaxe":1,"minecraft:oak_log":19,"minecraft:yellow_bed":2,"minecraft:shield":3,"minecraft:cobblestone_stairs":1,"minecraft:dirt":292,"minecraft:string":3,"minecraft:iron_leggings":2,"minecraft:cooked_mutton":3,"minecraft:bone":2,"minecraft:wheat_seeds":6,"minecraft:smooth_stone":7,"minecraft:bucket":3,"minecraft:stone_pickaxe":2,"minecraft:iron_ingot":12,"minecraft:beef":7,"minecraft:oak_boat":7,"minecraft:iron_pickaxe":1,"minecraft:sugar_cane":15,"minecraft:iron_sword":3,"minecraft:oak_planks":79,"minecraft:egg":1,"minecraft:furnace":4,"minecraft:stick":6,"minecraft:raw_iron":61,"minecraft:torch":9,"minecraft:gravel":2,"minecraft:lava_bucket":1,"minecraft:recovery_compass":1,"minecraft:sand":3,"minecraft:blast_furnace":1,"minecraft:diorite":3,"minecraft:white_bed":5,"minecraft:mossy_cobblestone":2,"minecraft:arrow":3,"minecraft:rotten_flesh":2,"minecraft:cooked_cod":3,"minecraft:stone_axe":2,"minecraft:iron_helmet":2,"minecraft:granite":3,"minecraft:bread":7,"minecraft:cod":3,"minecraft:mutton":6,"minecraft:coal":180,"minecraft:white_wool":4,"minecraft:cobblestone":596},"minecraft:mined":{"minecraft:white_bed":4,"minecraft:mossy_cobblestone":3,"minecraft:cobblestone_stairs":1,"minecraft:powder_snow":3,"minecraft:crafting_table":5,"minecraft:blast_furnace":1,"minecraft:granite":3,"minecraft:short_grass":41,"minecraft:grass_block":206,"minecraft:tall_grass":3,"minecraft:cobblestone":384,"minecraft:sugar_cane":6,"minecraft:diorite":3,"minecraft:wall_torch":1,"minecraft:smooth_stone":7,"minecraft:furnace":2,"minecraft:iron_ore":56,"minecraft:andesite":14,"minecraft:yellow_bed":2,"minecraft:oak_log":19,"minecraft:coal_ore":81,"minecraft:dirt_path":3,"minecraft:gravel":2,"minecraft:sand":1,"minecraft:dirt":74,"minecraft:stone":188,"minecraft:white_wool":1,"minecraft:oak_leaves":3}},"DataVersion":3955}